IND_ID,IND_CODE,IND_UUID,IND_PER_CODE,DIM_TIME,DIM_TIME_TYPE,DIM_GEO_CODE_M49,DIM_GEO_CODE_TYPE,DIM_PUBLISH_STATE_CODE,IND_NAME,GEO_NAME_SHORT,DIM_SEX,RATE_PER_100000_N
ED50112SDGWSHBOD,SDGWSHBOD,ED50112,SDGWSHBOD,2019,YEAR,1,GLOBAL,PUBLISHED,"Unsafe water, sanitation and hygiene services deaths",World,FEMALE,18.93083
ED50112SDGWSHBOD,SDGWSHBOD,ED50112,SDGWSHBOD,2019,YEAR,4,COUNTRY,PUBLISHED,"Unsafe water, sanitation and hygiene services deaths",Afghanistan,FEMALE,16
ED50112SDGWSHBOD,SDGWSHBOD,ED50112,SDGWSHBOD,2019,YEAR,8,COUNTRY,PUBLISHED,"Unsafe water, sanitation and hygiene services deaths",Albania,FEMALE,3.6
ED50112SDGWSHBOD,SDGWSHBOD,ED50112,SDGWSHBOD,2019,YEAR,12,COUNTRY,PUBLISHED,"Unsafe water, sanitation and hygiene services deaths",Algeria,FEMALE,3.9
ED50112SDGWSHBOD,SDGWSHBOD,ED50112,SDGWSHBOD,2019,YEAR,24,COUNTRY,PUBLISHED,"Unsafe water, sanitation and hygiene services deaths",Angola,FEMALE,42.8
ED50112SDGWSHBOD,SDGWSHBOD,ED50112,SDGWSHBOD,2019,YEAR,28,COUNTRY,PUBLISHED,"Unsafe water, sanitation and hygiene services deaths",Antigua and Barbuda,FEMALE,2.5
ED50112SDGWSHBOD,SDGWSHBOD,ED50112,SDGWSHBOD,2019,YEAR,31,COUNTRY,PUBLISHED,"Unsafe water, sanitation and hygiene services deaths",Azerbaijan,FEMALE,3.1
ED50112SDGWSHBOD,SDGWSHBOD,ED50112,SDGWSHBOD,2019,YEAR,32,COUNTRY,PUBLISHED,"Unsafe water, sanitation and hygiene services deaths",Argentina,FEMALE,12.1
ED50112SDGWSHBOD,SDGWSHBOD,ED50112,SDGWSHBOD,2019,YEAR,36,COUNTRY,PUBLISHED,"Unsafe water, sanitation and hygiene services deaths",Australia,FEMALE,2.1
ED50112SDGWSHBOD,SDGWSHBOD,ED50112,SDGWSHBOD,2019,YEAR,40,COUNTRY,PUBLISHED,"Unsafe water, sanitation and hygiene services deaths",Austria,FEMALE,2.1
ED50112SDGWSHBOD,SDGWSHBOD,ED50112,SDGWSHBOD,2019,YEAR,44,COUNTRY,PUBLISHED,"Unsafe water, sanitation and hygiene services deaths",Bahamas,FEMALE,2.3
ED50112SDGWSHBOD,SDGWSHBOD,ED50112,SDGWSHBOD,2019,YEAR,48,COUNTRY,PUBLISHED,"Unsafe water, sanitation and hygiene services deaths",Bahrain,FEMALE,0.9
ED50112SDGWSHBOD,SDGWSHBOD,ED50112,SDGWSHBOD,2019,YEAR,50,COUNTRY,PUBLISHED,"Unsafe water, sanitation and hygiene services deaths",Bangladesh,FEMALE,21.8
ED50112SDGWSHBOD,SDGWSHBOD,ED50112,SDGWSHBOD,2019,YEAR,51,COUNTRY,PUBLISHED,"Unsafe water, sanitation and hygiene services deaths",Armenia,FEMALE,6.6
ED50112SDGWSHBOD,SDGWSHBOD,ED50112,SDGWSHBOD,2019,YEAR,52,COUNTRY,PUBLISHED,"Unsafe water, sanitation and hygiene services deaths",Barbados,FEMALE,8.5
ED50112SDGWSHBOD,SDGWSHBOD,ED50112,SDGWSHBOD,2019,YEAR,56,COUNTRY,PUBLISHED,"Unsafe water, sanitation and hygiene services deaths",Belgium,FEMALE,5.9
ED50112SDGWSHBOD,SDGWSHBOD,ED50112,SDGWSHBOD,2019,YEAR,64,COUNTRY,PUBLISHED,"Unsafe water, sanitation and hygiene services deaths",Bhutan,FEMALE,15
ED50112SDGWSHBOD,SDGWSHBOD,ED50112,SDGWSHBOD,2019,YEAR,68,COUNTRY,PUBLISHED,"Unsafe water, sanitation and hygiene services deaths",Bolivia (Plurinational State of),FEMALE,15.8
ED50112SDGWSHBOD,SDGWSHBOD,ED50112,SDGWSHBOD,2019,YEAR,70,COUNTRY,PUBLISHED,"Unsafe water, sanitation and hygiene services deaths",Bosnia and Herzegovina,FEMALE,1.8
ED50112SDGWSHBOD,SDGWSHBOD,ED50112,SDGWSHBOD,2019,YEAR,72,COUNTRY,PUBLISHED,"Unsafe water, sanitation and hygiene services deaths",Botswana,FEMALE,21.5
ED50112SDGWSHBOD,SDGWSHBOD,ED50112,SDGWSHBOD,2019,YEAR,76,COUNTRY,PUBLISHED,"Unsafe water, sanitation and hygiene services deaths",Brazil,FEMALE,6.7
ED50112SDGWSHBOD,SDGWSHBOD,ED50112,SDGWSHBOD,2019,YEAR,84,COUNTRY,PUBLISHED,"Unsafe water, sanitation and hygiene services deaths",Belize,FEMALE,3.7
ED50112SDGWSHBOD,SDGWSHBOD,ED50112,SDGWSHBOD,2019,YEAR,90,COUNTRY,PUBLISHED,"Unsafe water, sanitation and hygiene services deaths",Solomon Islands,FEMALE,34.7
ED50112SDGWSHBOD,SDGWSHBOD,ED50112,SDGWSHBOD,2019,YEAR,96,COUNTRY,PUBLISHED,"Unsafe water, sanitation and hygiene services deaths",Brunei Darussalam,FEMALE,1.7
ED50112SDGWSHBOD,SDGWSHBOD,ED50112,SDGWSHBOD,2019,YEAR,100,COUNTRY,PUBLISHED,"Unsafe water, sanitation and hygiene services deaths",Bulgaria,FEMALE,2.3
ED50112SDGWSHBOD,SDGWSHBOD,ED50112,SDGWSHBOD,2019,YEAR,104,COUNTRY,PUBLISHED,"Unsafe water, sanitation and hygiene services deaths",Myanmar,FEMALE,11.2
ED50112SDGWSHBOD,SDGWSHBOD,ED50112,SDGWSHBOD,2019,YEAR,108,COUNTRY,PUBLISHED,"Unsafe water, sanitation and hygiene services deaths",Burundi,FEMALE,46.8
ED50112SDGWSHBOD,SDGWSHBOD,ED50112,SDGWSHBOD,2019,YEAR,112,COUNTRY,PUBLISHED,"Unsafe water, sanitation and hygiene services deaths",Belarus,FEMALE,1.2
ED50112SDGWSHBOD,SDGWSHBOD,ED50112,SDGWSHBOD,2019,YEAR,116,COUNTRY,PUBLISHED,"Unsafe water, sanitation and hygiene services deaths",Cambodia,FEMALE,16.6
ED50112SDGWSHBOD,SDGWSHBOD,ED50112,SDGWSHBOD,2019,YEAR,120,COUNTRY,PUBLISHED,"Unsafe water, sanitation and hygiene services deaths",Cameroon,FEMALE,42.4
ED50112SDGWSHBOD,SDGWSHBOD,ED50112,SDGWSHBOD,2019,YEAR,954,WHOREGION,PUBLISHED,"Unsafe water, sanitation and hygiene services deaths",Americas,FEMALE,5.02778
ED50112SDGWSHBOD,SDGWSHBOD,ED50112,SDGWSHBOD,2019,YEAR,955,WHOREGION,PUBLISHED,"Unsafe water, sanitation and hygiene services deaths",South-East Asia,FEMALE,35.61148
ED50112SDGWSHBOD,SDGWSHBOD,ED50112,SDGWSHBOD,2019,YEAR,956,WHOREGION,PUBLISHED,"Unsafe water, sanitation and hygiene services deaths",Europe,FEMALE,3.33694
ED50112SDGWSHBOD,SDGWSHBOD,ED50112,SDGWSHBOD,2019,YEAR,957,WHOREGION,PUBLISHED,"Unsafe water, sanitation and hygiene services deaths",Eastern Mediterranean,FEMALE,17.78846
ED50112SDGWSHBOD,SDGWSHBOD,ED50112,SDGWSHBOD,2019,YEAR,958,WHOREGION,PUBLISHED,"Unsafe water, sanitation and hygiene services deaths",Western Pacific,FEMALE,4.08374
ED50112SDGWSHBOD,SDGWSHBOD,ED50112,SDGWSHBOD,2019,YEAR,728,COUNTRY,PUBLISHED,"Unsafe water, sanitation and hygiene services deaths",South Sudan,FEMALE,63.3
ED50112SDGWSHBOD,SDGWSHBOD,ED50112,SDGWSHBOD,2019,YEAR,729,COUNTRY,PUBLISHED,"Unsafe water, sanitation and hygiene services deaths",Sudan,FEMALE,13.2
ED50112SDGWSHBOD,SDGWSHBOD,ED50112,SDGWSHBOD,2019,YEAR,740,COUNTRY,PUBLISHED,"Unsafe water, sanitation and hygiene services deaths",Suriname,FEMALE,7
ED50112SDGWSHBOD,SDGWSHBOD,ED50112,SDGWSHBOD,2019,YEAR,748,COUNTRY,PUBLISHED,"Unsafe water, sanitation and hygiene services deaths",Eswatini,FEMALE,33.6
ED50112SDGWSHBOD,SDGWSHBOD,ED50112,SDGWSHBOD,2019,YEAR,752,COUNTRY,PUBLISHED,"Unsafe water, sanitation and hygiene services deaths",Sweden,FEMALE,3.2
ED50112SDGWSHBOD,SDGWSHBOD,ED50112,SDGWSHBOD,2019,YEAR,756,COUNTRY,PUBLISHED,"Unsafe water, sanitation and hygiene services deaths",Switzerland,FEMALE,2.8
ED50112SDGWSHBOD,SDGWSHBOD,ED50112,SDGWSHBOD,2019,YEAR,760,COUNTRY,PUBLISHED,"Unsafe water, sanitation and hygiene services deaths",Syrian Arab Republic,FEMALE,8.4
ED50112SDGWSHBOD,SDGWSHBOD,ED50112,SDGWSHBOD,2019,YEAR,762,COUNTRY,PUBLISHED,"Unsafe water, sanitation and hygiene services deaths",Tajikistan,FEMALE,8
ED50112SDGWSHBOD,SDGWSHBOD,ED50112,SDGWSHBOD,2019,YEAR,764,COUNTRY,PUBLISHED,"Unsafe water, sanitation and hygiene services deaths",Thailand,FEMALE,11.3
ED50112SDGWSHBOD,SDGWSHBOD,ED50112,SDGWSHBOD,2019,YEAR,768,COUNTRY,PUBLISHED,"Unsafe water, sanitation and hygiene services deaths",Togo,FEMALE,34.7
ED50112SDGWSHBOD,SDGWSHBOD,ED50112,SDGWSHBOD,2019,YEAR,776,COUNTRY,PUBLISHED,"Unsafe water, sanitation and hygiene services deaths",Tonga,FEMALE,7.1
ED50112SDGWSHBOD,SDGWSHBOD,ED50112,SDGWSHBOD,2019,YEAR,780,COUNTRY,PUBLISHED,"Unsafe water, sanitation and hygiene services deaths",Trinidad and Tobago,FEMALE,1.4
ED50112SDGWSHBOD,SDGWSHBOD,ED50112,SDGWSHBOD,2019,YEAR,784,COUNTRY,PUBLISHED,"Unsafe water, sanitation and hygiene services deaths",United Arab Emirates,FEMALE,0.7
ED50112SDGWSHBOD,SDGWSHBOD,ED50112,SDGWSHBOD,2019,YEAR,788,COUNTRY,PUBLISHED,"Unsafe water, sanitation and hygiene services deaths",Tunisia,FEMALE,2.9
ED50112SDGWSHBOD,SDGWSHBOD,ED50112,SDGWSHBOD,2019,YEAR,792,COUNTRY,PUBLISHED,"Unsafe water, sanitation and hygiene services deaths",Türkiye,FEMALE,2.6
ED50112SDGWSHBOD,SDGWSHBOD,ED50112,SDGWSHBOD,2019,YEAR,795,COUNTRY,PUBLISHED,"Unsafe water, sanitation and hygiene services deaths",Turkmenistan,FEMALE,4.7
ED50112SDGWSHBOD,SDGWSHBOD,ED50112,SDGWSHBOD,2019,YEAR,800,COUNTRY,PUBLISHED,"Unsafe water, sanitation and hygiene services deaths",Uganda,FEMALE,23.5
ED50112SDGWSHBOD,SDGWSHBOD,ED50112,SDGWSHBOD,2019,YEAR,804,COUNTRY,PUBLISHED,"Unsafe water, sanitation and hygiene services deaths",Ukraine,FEMALE,1.5
ED50112SDGWSHBOD,SDGWSHBOD,ED50112,SDGWSHBOD,2019,YEAR,807,COUNTRY,PUBLISHED,"Unsafe water, sanitation and hygiene services deaths",North Macedonia,FEMALE,1
ED50112SDGWSHBOD,SDGWSHBOD,ED50112,SDGWSHBOD,2019,YEAR,818,COUNTRY,PUBLISHED,"Unsafe water, sanitation and hygiene services deaths",Egypt,FEMALE,4.5
ED50112SDGWSHBOD,SDGWSHBOD,ED50112,SDGWSHBOD,2019,YEAR,826,COUNTRY,PUBLISHED,"Unsafe water, sanitation and hygiene services deaths",United Kingdom of Great Britain and Northern Ireland,FEMALE,6.6
ED50112SDGWSHBOD,SDGWSHBOD,ED50112,SDGWSHBOD,2019,YEAR,834,COUNTRY,PUBLISHED,"Unsafe water, sanitation and hygiene services deaths",United Republic of Tanzania,FEMALE,27.9
ED50112SDGWSHBOD,SDGWSHBOD,ED50112,SDGWSHBOD,2019,YEAR,840,COUNTRY,PUBLISHED,"Unsafe water, sanitation and hygiene services deaths",United States of America,FEMALE,2.4
ED50112SDGWSHBOD,SDGWSHBOD,ED50112,SDGWSHBOD,2019,YEAR,854,COUNTRY,PUBLISHED,"Unsafe water, sanitation and hygiene services deaths",Burkina Faso,FEMALE,57.7
ED50112SDGWSHBOD,SDGWSHBOD,ED50112,SDGWSHBOD,2019,YEAR,858,COUNTRY,PUBLISHED,"Unsafe water, sanitation and hygiene services deaths",Uruguay,FEMALE,5
ED50112SDGWSHBOD,SDGWSHBOD,ED50112,SDGWSHBOD,2019,YEAR,860,COUNTRY,PUBLISHED,"Unsafe water, sanitation and hygiene services deaths",Uzbekistan,FEMALE,2.5
ED50112SDGWSHBOD,SDGWSHBOD,ED50112,SDGWSHBOD,2019,YEAR,862,COUNTRY,PUBLISHED,"Unsafe water, sanitation and hygiene services deaths",Venezuela (Bolivarian Republic of),FEMALE,4.9
ED50112SDGWSHBOD,SDGWSHBOD,ED50112,SDGWSHBOD,2019,YEAR,882,COUNTRY,PUBLISHED,"Unsafe water, sanitation and hygiene services deaths",Samoa,FEMALE,9.8
ED50112SDGWSHBOD,SDGWSHBOD,ED50112,SDGWSHBOD,2019,YEAR,887,COUNTRY,PUBLISHED,"Unsafe water, sanitation and hygiene services deaths",Yemen,FEMALE,14.4
ED50112SDGWSHBOD,SDGWSHBOD,ED50112,SDGWSHBOD,2019,YEAR,894,COUNTRY,PUBLISHED,"Unsafe water, sanitation and hygiene services deaths",Zambia,FEMALE,31.7
ED50112SDGWSHBOD,SDGWSHBOD,ED50112,SDGWSHBOD,2019,YEAR,953,WHOREGION,PUBLISHED,"Unsafe water, sanitation and hygiene services deaths",Africa,FEMALE,42.1754
ED50112SDGWSHBOD,SDGWSHBOD,ED50112,SDGWSHBOD,2019,YEAR,583,COUNTRY,PUBLISHED,"Unsafe water, sanitation and hygiene services deaths",Micronesia (Federated States of),FEMALE,14.6
ED50112SDGWSHBOD,SDGWSHBOD,ED50112,SDGWSHBOD,2019,YEAR,586,COUNTRY,PUBLISHED,"Unsafe water, sanitation and hygiene services deaths",Pakistan,FEMALE,37.9
ED50112SDGWSHBOD,SDGWSHBOD,ED50112,SDGWSHBOD,2019,YEAR,591,COUNTRY,PUBLISHED,"Unsafe water, sanitation and hygiene services deaths",Panama,FEMALE,3.9
ED50112SDGWSHBOD,SDGWSHBOD,ED50112,SDGWSHBOD,2019,YEAR,598,COUNTRY,PUBLISHED,"Unsafe water, sanitation and hygiene services deaths",Papua New Guinea,FEMALE,21.8
ED50112SDGWSHBOD,SDGWSHBOD,ED50112,SDGWSHBOD,2019,YEAR,600,COUNTRY,PUBLISHED,"Unsafe water, sanitation and hygiene services deaths",Paraguay,FEMALE,4.4
ED50112SDGWSHBOD,SDGWSHBOD,ED50112,SDGWSHBOD,2019,YEAR,604,COUNTRY,PUBLISHED,"Unsafe water, sanitation and hygiene services deaths",Peru,FEMALE,7.9
ED50112SDGWSHBOD,SDGWSHBOD,ED50112,SDGWSHBOD,2019,YEAR,608,COUNTRY,PUBLISHED,"Unsafe water, sanitation and hygiene services deaths",Philippines,FEMALE,17
ED50112SDGWSHBOD,SDGWSHBOD,ED50112,SDGWSHBOD,2019,YEAR,616,COUNTRY,PUBLISHED,"Unsafe water, sanitation and hygiene services deaths",Poland,FEMALE,5.1
ED50112SDGWSHBOD,SDGWSHBOD,ED50112,SDGWSHBOD,2019,YEAR,620,COUNTRY,PUBLISHED,"Unsafe water, sanitation and hygiene services deaths",Portugal,FEMALE,6.6
ED50112SDGWSHBOD,SDGWSHBOD,ED50112,SDGWSHBOD,2019,YEAR,624,COUNTRY,PUBLISHED,"Unsafe water, sanitation and hygiene services deaths",Guinea-Bissau,FEMALE,47.8
ED50112SDGWSHBOD,SDGWSHBOD,ED50112,SDGWSHBOD,2019,YEAR,626,COUNTRY,PUBLISHED,"Unsafe water, sanitation and hygiene services deaths",Timor-Leste,FEMALE,18.6
ED50112SDGWSHBOD,SDGWSHBOD,ED50112,SDGWSHBOD,2019,YEAR,634,COUNTRY,PUBLISHED,"Unsafe water, sanitation and hygiene services deaths",Qatar,FEMALE,0.8
ED50112SDGWSHBOD,SDGWSHBOD,ED50112,SDGWSHBOD,2019,YEAR,642,COUNTRY,PUBLISHED,"Unsafe water, sanitation and hygiene services deaths",Romania,FEMALE,6
ED50112SDGWSHBOD,SDGWSHBOD,ED50112,SDGWSHBOD,2019,YEAR,643,COUNTRY,PUBLISHED,"Unsafe water, sanitation and hygiene services deaths",Russian Federation,FEMALE,2.1
ED50112SDGWSHBOD,SDGWSHBOD,ED50112,SDGWSHBOD,2019,YEAR,646,COUNTRY,PUBLISHED,"Unsafe water, sanitation and hygiene services deaths",Rwanda,FEMALE,21.5
ED50112SDGWSHBOD,SDGWSHBOD,ED50112,SDGWSHBOD,2019,YEAR,662,COUNTRY,PUBLISHED,"Unsafe water, sanitation and hygiene services deaths",Saint Lucia,FEMALE,4.7
ED50112SDGWSHBOD,SDGWSHBOD,ED50112,SDGWSHBOD,2019,YEAR,670,COUNTRY,PUBLISHED,"Unsafe water, sanitation and hygiene services deaths",Saint Vincent and the Grenadines,FEMALE,5.1
ED50112SDGWSHBOD,SDGWSHBOD,ED50112,SDGWSHBOD,2019,YEAR,678,COUNTRY,PUBLISHED,"Unsafe water, sanitation and hygiene services deaths",Sao Tome and Principe,FEMALE,16.5
ED50112SDGWSHBOD,SDGWSHBOD,ED50112,SDGWSHBOD,2019,YEAR,682,COUNTRY,PUBLISHED,"Unsafe water, sanitation and hygiene services deaths",Saudi Arabia,FEMALE,1.9
ED50112SDGWSHBOD,SDGWSHBOD,ED50112,SDGWSHBOD,2019,YEAR,686,COUNTRY,PUBLISHED,"Unsafe water, sanitation and hygiene services deaths",Senegal,FEMALE,27.6
ED50112SDGWSHBOD,SDGWSHBOD,ED50112,SDGWSHBOD,2019,YEAR,688,COUNTRY,PUBLISHED,"Unsafe water, sanitation and hygiene services deaths",Serbia,FEMALE,3.5
ED50112SDGWSHBOD,SDGWSHBOD,ED50112,SDGWSHBOD,2019,YEAR,690,COUNTRY,PUBLISHED,"Unsafe water, sanitation and hygiene services deaths",Seychelles,FEMALE,8
ED50112SDGWSHBOD,SDGWSHBOD,ED50112,SDGWSHBOD,2019,YEAR,694,COUNTRY,PUBLISHED,"Unsafe water, sanitation and hygiene services deaths",Sierra Leone,FEMALE,60.2
ED50112SDGWSHBOD,SDGWSHBOD,ED50112,SDGWSHBOD,2019,YEAR,702,COUNTRY,PUBLISHED,"Unsafe water, sanitation and hygiene services deaths",Singapore,FEMALE,8.4
ED50112SDGWSHBOD,SDGWSHBOD,ED50112,SDGWSHBOD,2019,YEAR,703,COUNTRY,PUBLISHED,"Unsafe water, sanitation and hygiene services deaths",Slovakia,FEMALE,3.1
ED50112SDGWSHBOD,SDGWSHBOD,ED50112,SDGWSHBOD,2019,YEAR,704,COUNTRY,PUBLISHED,"Unsafe water, sanitation and hygiene services deaths",Viet Nam,FEMALE,6.4
ED50112SDGWSHBOD,SDGWSHBOD,ED50112,SDGWSHBOD,2019,YEAR,705,COUNTRY,PUBLISHED,"Unsafe water, sanitation and hygiene services deaths",Slovenia,FEMALE,2.5
ED50112SDGWSHBOD,SDGWSHBOD,ED50112,SDGWSHBOD,2019,YEAR,706,COUNTRY,PUBLISHED,"Unsafe water, sanitation and hygiene services deaths",Somalia,FEMALE,91.7
ED50112SDGWSHBOD,SDGWSHBOD,ED50112,SDGWSHBOD,2019,YEAR,710,COUNTRY,PUBLISHED,"Unsafe water, sanitation and hygiene services deaths",South Africa,FEMALE,26.9
ED50112SDGWSHBOD,SDGWSHBOD,ED50112,SDGWSHBOD,2019,YEAR,716,COUNTRY,PUBLISHED,"Unsafe water, sanitation and hygiene services deaths",Zimbabwe,FEMALE,27.2
ED50112SDGWSHBOD,SDGWSHBOD,ED50112,SDGWSHBOD,2019,YEAR,724,COUNTRY,PUBLISHED,"Unsafe water, sanitation and hygiene services deaths",Spain,FEMALE,3.2
ED50112SDGWSHBOD,SDGWSHBOD,ED50112,SDGWSHBOD,2019,YEAR,422,COUNTRY,PUBLISHED,"Unsafe water, sanitation and hygiene services deaths",Lebanon,FEMALE,2
ED50112SDGWSHBOD,SDGWSHBOD,ED50112,SDGWSHBOD,2019,YEAR,426,COUNTRY,PUBLISHED,"Unsafe water, sanitation and hygiene services deaths",Lesotho,FEMALE,99.5
ED50112SDGWSHBOD,SDGWSHBOD,ED50112,SDGWSHBOD,2019,YEAR,428,COUNTRY,PUBLISHED,"Unsafe water, sanitation and hygiene services deaths",Latvia,FEMALE,2.2
ED50112SDGWSHBOD,SDGWSHBOD,ED50112,SDGWSHBOD,2019,YEAR,430,COUNTRY,PUBLISHED,"Unsafe water, sanitation and hygiene services deaths",Liberia,FEMALE,34.1
ED50112SDGWSHBOD,SDGWSHBOD,ED50112,SDGWSHBOD,2019,YEAR,434,COUNTRY,PUBLISHED,"Unsafe water, sanitation and hygiene services deaths",Libya,FEMALE,2.1
ED50112SDGWSHBOD,SDGWSHBOD,ED50112,SDGWSHBOD,2019,YEAR,440,COUNTRY,PUBLISHED,"Unsafe water, sanitation and hygiene services deaths",Lithuania,FEMALE,2.2
ED50112SDGWSHBOD,SDGWSHBOD,ED50112,SDGWSHBOD,2019,YEAR,442,COUNTRY,PUBLISHED,"Unsafe water, sanitation and hygiene services deaths",Luxembourg,FEMALE,2
ED50112SDGWSHBOD,SDGWSHBOD,ED50112,SDGWSHBOD,2019,YEAR,450,COUNTRY,PUBLISHED,"Unsafe water, sanitation and hygiene services deaths",Madagascar,FEMALE,36.6
ED50112SDGWSHBOD,SDGWSHBOD,ED50112,SDGWSHBOD,2019,YEAR,454,COUNTRY,PUBLISHED,"Unsafe water, sanitation and hygiene services deaths",Malawi,FEMALE,25.3
ED50112SDGWSHBOD,SDGWSHBOD,ED50112,SDGWSHBOD,2019,YEAR,458,COUNTRY,PUBLISHED,"Unsafe water, sanitation and hygiene services deaths",Malaysia,FEMALE,13.1
ED50112SDGWSHBOD,SDGWSHBOD,ED50112,SDGWSHBOD,2019,YEAR,462,COUNTRY,PUBLISHED,"Unsafe water, sanitation and hygiene services deaths",Maldives,FEMALE,2.7
ED50112SDGWSHBOD,SDGWSHBOD,ED50112,SDGWSHBOD,2019,YEAR,466,COUNTRY,PUBLISHED,"Unsafe water, sanitation and hygiene services deaths",Mali,FEMALE,59
ED50112SDGWSHBOD,SDGWSHBOD,ED50112,SDGWSHBOD,2019,YEAR,470,COUNTRY,PUBLISHED,"Unsafe water, sanitation and hygiene services deaths",Malta,FEMALE,5.2
ED50112SDGWSHBOD,SDGWSHBOD,ED50112,SDGWSHBOD,2019,YEAR,478,COUNTRY,PUBLISHED,"Unsafe water, sanitation and hygiene services deaths",Mauritania,FEMALE,35
ED50112SDGWSHBOD,SDGWSHBOD,ED50112,SDGWSHBOD,2019,YEAR,480,COUNTRY,PUBLISHED,"Unsafe water, sanitation and hygiene services deaths",Mauritius,FEMALE,5.7
ED50112SDGWSHBOD,SDGWSHBOD,ED50112,SDGWSHBOD,2019,YEAR,484,COUNTRY,PUBLISHED,"Unsafe water, sanitation and hygiene services deaths",Mexico,FEMALE,3.2
ED50112SDGWSHBOD,SDGWSHBOD,ED50112,SDGWSHBOD,2019,YEAR,496,COUNTRY,PUBLISHED,"Unsafe water, sanitation and hygiene services deaths",Mongolia,FEMALE,2.6
ED50112SDGWSHBOD,SDGWSHBOD,ED50112,SDGWSHBOD,2019,YEAR,498,COUNTRY,PUBLISHED,"Unsafe water, sanitation and hygiene services deaths",Republic of Moldova,FEMALE,1.8
ED50112SDGWSHBOD,SDGWSHBOD,ED50112,SDGWSHBOD,2019,YEAR,499,COUNTRY,PUBLISHED,"Unsafe water, sanitation and hygiene services deaths",Montenegro,FEMALE,1.5
ED50112SDGWSHBOD,SDGWSHBOD,ED50112,SDGWSHBOD,2019,YEAR,504,COUNTRY,PUBLISHED,"Unsafe water, sanitation and hygiene services deaths",Morocco,FEMALE,4.5
ED50112SDGWSHBOD,SDGWSHBOD,ED50112,SDGWSHBOD,2019,YEAR,508,COUNTRY,PUBLISHED,"Unsafe water, sanitation and hygiene services deaths",Mozambique,FEMALE,36.6
ED50112SDGWSHBOD,SDGWSHBOD,ED50112,SDGWSHBOD,2019,YEAR,512,COUNTRY,PUBLISHED,"Unsafe water, sanitation and hygiene services deaths",Oman,FEMALE,1.9
ED50112SDGWSHBOD,SDGWSHBOD,ED50112,SDGWSHBOD,2019,YEAR,516,COUNTRY,PUBLISHED,"Unsafe water, sanitation and hygiene services deaths",Namibia,FEMALE,21.7
ED50112SDGWSHBOD,SDGWSHBOD,ED50112,SDGWSHBOD,2019,YEAR,524,COUNTRY,PUBLISHED,"Unsafe water, sanitation and hygiene services deaths",Nepal,FEMALE,20
ED50112SDGWSHBOD,SDGWSHBOD,ED50112,SDGWSHBOD,2019,YEAR,528,COUNTRY,PUBLISHED,"Unsafe water, sanitation and hygiene services deaths",Netherlands (Kingdom of the),FEMALE,3.8
ED50112SDGWSHBOD,SDGWSHBOD,ED50112,SDGWSHBOD,2019,YEAR,548,COUNTRY,PUBLISHED,"Unsafe water, sanitation and hygiene services deaths",Vanuatu,FEMALE,24.9
ED50112SDGWSHBOD,SDGWSHBOD,ED50112,SDGWSHBOD,2019,YEAR,554,COUNTRY,PUBLISHED,"Unsafe water, sanitation and hygiene services deaths",New Zealand,FEMALE,2.5
ED50112SDGWSHBOD,SDGWSHBOD,ED50112,SDGWSHBOD,2019,YEAR,558,COUNTRY,PUBLISHED,"Unsafe water, sanitation and hygiene services deaths",Nicaragua,FEMALE,3.3
ED50112SDGWSHBOD,SDGWSHBOD,ED50112,SDGWSHBOD,2019,YEAR,562,COUNTRY,PUBLISHED,"Unsafe water, sanitation and hygiene services deaths",Niger,FEMALE,63.5
ED50112SDGWSHBOD,SDGWSHBOD,ED50112,SDGWSHBOD,2019,YEAR,566,COUNTRY,PUBLISHED,"Unsafe water, sanitation and hygiene services deaths",Nigeria,FEMALE,70.7
ED50112SDGWSHBOD,SDGWSHBOD,ED50112,SDGWSHBOD,2019,YEAR,578,COUNTRY,PUBLISHED,"Unsafe water, sanitation and hygiene services deaths",Norway,FEMALE,4.1
ED50112SDGWSHBOD,SDGWSHBOD,ED50112,SDGWSHBOD,2019,YEAR,270,COUNTRY,PUBLISHED,"Unsafe water, sanitation and hygiene services deaths",Gambia,FEMALE,26
ED50112SDGWSHBOD,SDGWSHBOD,ED50112,SDGWSHBOD,2019,YEAR,276,COUNTRY,PUBLISHED,"Unsafe water, sanitation and hygiene services deaths",Germany,FEMALE,2.7
ED50112SDGWSHBOD,SDGWSHBOD,ED50112,SDGWSHBOD,2019,YEAR,288,COUNTRY,PUBLISHED,"Unsafe water, sanitation and hygiene services deaths",Ghana,FEMALE,19.5
ED50112SDGWSHBOD,SDGWSHBOD,ED50112,SDGWSHBOD,2019,YEAR,296,COUNTRY,PUBLISHED,"Unsafe water, sanitation and hygiene services deaths",Kiribati,FEMALE,43.6
ED50112SDGWSHBOD,SDGWSHBOD,ED50112,SDGWSHBOD,2019,YEAR,300,COUNTRY,PUBLISHED,"Unsafe water, sanitation and hygiene services deaths",Greece,FEMALE,8.7
ED50112SDGWSHBOD,SDGWSHBOD,ED50112,SDGWSHBOD,2019,YEAR,308,COUNTRY,PUBLISHED,"Unsafe water, sanitation and hygiene services deaths",Grenada,FEMALE,7.8
ED50112SDGWSHBOD,SDGWSHBOD,ED50112,SDGWSHBOD,2019,YEAR,320,COUNTRY,PUBLISHED,"Unsafe water, sanitation and hygiene services deaths",Guatemala,FEMALE,14.2
ED50112SDGWSHBOD,SDGWSHBOD,ED50112,SDGWSHBOD,2019,YEAR,324,COUNTRY,PUBLISHED,"Unsafe water, sanitation and hygiene services deaths",Guinea,FEMALE,54.8
ED50112SDGWSHBOD,SDGWSHBOD,ED50112,SDGWSHBOD,2019,YEAR,328,COUNTRY,PUBLISHED,"Unsafe water, sanitation and hygiene services deaths",Guyana,FEMALE,8
ED50112SDGWSHBOD,SDGWSHBOD,ED50112,SDGWSHBOD,2019,YEAR,332,COUNTRY,PUBLISHED,"Unsafe water, sanitation and hygiene services deaths",Haiti,FEMALE,24.8
ED50112SDGWSHBOD,SDGWSHBOD,ED50112,SDGWSHBOD,2019,YEAR,340,COUNTRY,PUBLISHED,"Unsafe water, sanitation and hygiene services deaths",Honduras,FEMALE,8.3
ED50112SDGWSHBOD,SDGWSHBOD,ED50112,SDGWSHBOD,2019,YEAR,348,COUNTRY,PUBLISHED,"Unsafe water, sanitation and hygiene services deaths",Hungary,FEMALE,2.1
ED50112SDGWSHBOD,SDGWSHBOD,ED50112,SDGWSHBOD,2019,YEAR,352,COUNTRY,PUBLISHED,"Unsafe water, sanitation and hygiene services deaths",Iceland,FEMALE,2.4
ED50112SDGWSHBOD,SDGWSHBOD,ED50112,SDGWSHBOD,2019,YEAR,356,COUNTRY,PUBLISHED,"Unsafe water, sanitation and hygiene services deaths",India,FEMALE,45.4
ED50112SDGWSHBOD,SDGWSHBOD,ED50112,SDGWSHBOD,2019,YEAR,360,COUNTRY,PUBLISHED,"Unsafe water, sanitation and hygiene services deaths",Indonesia,FEMALE,15.2
ED50112SDGWSHBOD,SDGWSHBOD,ED50112,SDGWSHBOD,2019,YEAR,364,COUNTRY,PUBLISHED,"Unsafe water, sanitation and hygiene services deaths",Iran (Islamic Republic of),FEMALE,2.6
ED50112SDGWSHBOD,SDGWSHBOD,ED50112,SDGWSHBOD,2019,YEAR,368,COUNTRY,PUBLISHED,"Unsafe water, sanitation and hygiene services deaths",Iraq,FEMALE,4
ED50112SDGWSHBOD,SDGWSHBOD,ED50112,SDGWSHBOD,2019,YEAR,372,COUNTRY,PUBLISHED,"Unsafe water, sanitation and hygiene services deaths",Ireland,FEMALE,2.9
ED50112SDGWSHBOD,SDGWSHBOD,ED50112,SDGWSHBOD,2019,YEAR,376,COUNTRY,PUBLISHED,"Unsafe water, sanitation and hygiene services deaths",Israel,FEMALE,2.2
ED50112SDGWSHBOD,SDGWSHBOD,ED50112,SDGWSHBOD,2019,YEAR,380,COUNTRY,PUBLISHED,"Unsafe water, sanitation and hygiene services deaths",Italy,FEMALE,3.2
ED50112SDGWSHBOD,SDGWSHBOD,ED50112,SDGWSHBOD,2019,YEAR,384,COUNTRY,PUBLISHED,"Unsafe water, sanitation and hygiene services deaths",Côte d'Ivoire,FEMALE,40
ED50112SDGWSHBOD,SDGWSHBOD,ED50112,SDGWSHBOD,2019,YEAR,388,COUNTRY,PUBLISHED,"Unsafe water, sanitation and hygiene services deaths",Jamaica,FEMALE,2.2
ED50112SDGWSHBOD,SDGWSHBOD,ED50112,SDGWSHBOD,2019,YEAR,392,COUNTRY,PUBLISHED,"Unsafe water, sanitation and hygiene services deaths",Japan,FEMALE,7.9
ED50112SDGWSHBOD,SDGWSHBOD,ED50112,SDGWSHBOD,2019,YEAR,398,COUNTRY,PUBLISHED,"Unsafe water, sanitation and hygiene services deaths",Kazakhstan,FEMALE,2.6
ED50112SDGWSHBOD,SDGWSHBOD,ED50112,SDGWSHBOD,2019,YEAR,400,COUNTRY,PUBLISHED,"Unsafe water, sanitation and hygiene services deaths",Jordan,FEMALE,1.9
ED50112SDGWSHBOD,SDGWSHBOD,ED50112,SDGWSHBOD,2019,YEAR,404,COUNTRY,PUBLISHED,"Unsafe water, sanitation and hygiene services deaths",Kenya,FEMALE,25.9
ED50112SDGWSHBOD,SDGWSHBOD,ED50112,SDGWSHBOD,2019,YEAR,408,COUNTRY,PUBLISHED,"Unsafe water, sanitation and hygiene services deaths",Democratic People's Republic of Korea,FEMALE,4.4
ED50112SDGWSHBOD,SDGWSHBOD,ED50112,SDGWSHBOD,2019,YEAR,410,COUNTRY,PUBLISHED,"Unsafe water, sanitation and hygiene services deaths",Republic of Korea,FEMALE,5.2
ED50112SDGWSHBOD,SDGWSHBOD,ED50112,SDGWSHBOD,2019,YEAR,414,COUNTRY,PUBLISHED,"Unsafe water, sanitation and hygiene services deaths",Kuwait,FEMALE,0.6
ED50112SDGWSHBOD,SDGWSHBOD,ED50112,SDGWSHBOD,2019,YEAR,417,COUNTRY,PUBLISHED,"Unsafe water, sanitation and hygiene services deaths",Kyrgyzstan,FEMALE,2
ED50112SDGWSHBOD,SDGWSHBOD,ED50112,SDGWSHBOD,2019,YEAR,418,COUNTRY,PUBLISHED,"Unsafe water, sanitation and hygiene services deaths",Lao People's Democratic Republic,FEMALE,19.7
ED50112SDGWSHBOD,SDGWSHBOD,ED50112,SDGWSHBOD,2019,YEAR,124,COUNTRY,PUBLISHED,"Unsafe water, sanitation and hygiene services deaths",Canada,FEMALE,2.5
ED50112SDGWSHBOD,SDGWSHBOD,ED50112,SDGWSHBOD,2019,YEAR,132,COUNTRY,PUBLISHED,"Unsafe water, sanitation and hygiene services deaths",Cabo Verde,FEMALE,11.1
ED50112SDGWSHBOD,SDGWSHBOD,ED50112,SDGWSHBOD,2019,YEAR,140,COUNTRY,PUBLISHED,"Unsafe water, sanitation and hygiene services deaths",Central African Republic,FEMALE,85.3
ED50112SDGWSHBOD,SDGWSHBOD,ED50112,SDGWSHBOD,2019,YEAR,144,COUNTRY,PUBLISHED,"Unsafe water, sanitation and hygiene services deaths",Sri Lanka,FEMALE,4.5
ED50112SDGWSHBOD,SDGWSHBOD,ED50112,SDGWSHBOD,2019,YEAR,148,COUNTRY,PUBLISHED,"Unsafe water, sanitation and hygiene services deaths",Chad,FEMALE,91.3
ED50112SDGWSHBOD,SDGWSHBOD,ED50112,SDGWSHBOD,2019,YEAR,152,COUNTRY,PUBLISHED,"Unsafe water, sanitation and hygiene services deaths",Chile,FEMALE,2.4
ED50112SDGWSHBOD,SDGWSHBOD,ED50112,SDGWSHBOD,2019,YEAR,156,COUNTRY,PUBLISHED,"Unsafe water, sanitation and hygiene services deaths",China,FEMALE,2
ED50112SDGWSHBOD,SDGWSHBOD,ED50112,SDGWSHBOD,2019,YEAR,170,COUNTRY,PUBLISHED,"Unsafe water, sanitation and hygiene services deaths",Colombia,FEMALE,3.4
ED50112SDGWSHBOD,SDGWSHBOD,ED50112,SDGWSHBOD,2019,YEAR,174,COUNTRY,PUBLISHED,"Unsafe water, sanitation and hygiene services deaths",Comoros,FEMALE,39.2
ED50112SDGWSHBOD,SDGWSHBOD,ED50112,SDGWSHBOD,2019,YEAR,178,COUNTRY,PUBLISHED,"Unsafe water, sanitation and hygiene services deaths",Congo,FEMALE,21.6
ED50112SDGWSHBOD,SDGWSHBOD,ED50112,SDGWSHBOD,2019,YEAR,180,COUNTRY,PUBLISHED,"Unsafe water, sanitation and hygiene services deaths",Democratic Republic of the Congo,FEMALE,41.6
ED50112SDGWSHBOD,SDGWSHBOD,ED50112,SDGWSHBOD,2019,YEAR,188,COUNTRY,PUBLISHED,"Unsafe water, sanitation and hygiene services deaths",Costa Rica,FEMALE,2.8
ED50112SDGWSHBOD,SDGWSHBOD,ED50112,SDGWSHBOD,2019,YEAR,191,COUNTRY,PUBLISHED,"Unsafe water, sanitation and hygiene services deaths",Croatia,FEMALE,3.2
ED50112SDGWSHBOD,SDGWSHBOD,ED50112,SDGWSHBOD,2019,YEAR,192,COUNTRY,PUBLISHED,"Unsafe water, sanitation and hygiene services deaths",Cuba,FEMALE,9.4
ED50112SDGWSHBOD,SDGWSHBOD,ED50112,SDGWSHBOD,2019,YEAR,196,COUNTRY,PUBLISHED,"Unsafe water, sanitation and hygiene services deaths",Cyprus,FEMALE,1.8
ED50112SDGWSHBOD,SDGWSHBOD,ED50112,SDGWSHBOD,2019,YEAR,203,COUNTRY,PUBLISHED,"Unsafe water, sanitation and hygiene services deaths",Czechia,FEMALE,3.9
ED50112SDGWSHBOD,SDGWSHBOD,ED50112,SDGWSHBOD,2019,YEAR,204,COUNTRY,PUBLISHED,"Unsafe water, sanitation and hygiene services deaths",Benin,FEMALE,54.4
ED50112SDGWSHBOD,SDGWSHBOD,ED50112,SDGWSHBOD,2019,YEAR,208,COUNTRY,PUBLISHED,"Unsafe water, sanitation and hygiene services deaths",Denmark,FEMALE,4.2
ED50112SDGWSHBOD,SDGWSHBOD,ED50112,SDGWSHBOD,2019,YEAR,214,COUNTRY,PUBLISHED,"Unsafe water, sanitation and hygiene services deaths",Dominican Republic,FEMALE,5.5
ED50112SDGWSHBOD,SDGWSHBOD,ED50112,SDGWSHBOD,2019,YEAR,218,COUNTRY,PUBLISHED,"Unsafe water, sanitation and hygiene services deaths",Ecuador,FEMALE,4.8
ED50112SDGWSHBOD,SDGWSHBOD,ED50112,SDGWSHBOD,2019,YEAR,222,COUNTRY,PUBLISHED,"Unsafe water, sanitation and hygiene services deaths",El Salvador,FEMALE,5
ED50112SDGWSHBOD,SDGWSHBOD,ED50112,SDGWSHBOD,2019,YEAR,226,COUNTRY,PUBLISHED,"Unsafe water, sanitation and hygiene services deaths",Equatorial Guinea,FEMALE,29.9
ED50112SDGWSHBOD,SDGWSHBOD,ED50112,SDGWSHBOD,2019,YEAR,231,COUNTRY,PUBLISHED,"Unsafe water, sanitation and hygiene services deaths",Ethiopia,FEMALE,35.6
ED50112SDGWSHBOD,SDGWSHBOD,ED50112,SDGWSHBOD,2019,YEAR,232,COUNTRY,PUBLISHED,"Unsafe water, sanitation and hygiene services deaths",Eritrea,FEMALE,49.4
ED50112SDGWSHBOD,SDGWSHBOD,ED50112,SDGWSHBOD,2019,YEAR,233,COUNTRY,PUBLISHED,"Unsafe water, sanitation and hygiene services deaths",Estonia,FEMALE,2.2
ED50112SDGWSHBOD,SDGWSHBOD,ED50112,SDGWSHBOD,2019,YEAR,242,COUNTRY,PUBLISHED,"Unsafe water, sanitation and hygiene services deaths",Fiji,FEMALE,10.1
ED50112SDGWSHBOD,SDGWSHBOD,ED50112,SDGWSHBOD,2019,YEAR,246,COUNTRY,PUBLISHED,"Unsafe water, sanitation and hygiene services deaths",Finland,FEMALE,0.9
ED50112SDGWSHBOD,SDGWSHBOD,ED50112,SDGWSHBOD,2019,YEAR,250,COUNTRY,PUBLISHED,"Unsafe water, sanitation and hygiene services deaths",France,FEMALE,3.7
ED50112SDGWSHBOD,SDGWSHBOD,ED50112,SDGWSHBOD,2019,YEAR,262,COUNTRY,PUBLISHED,"Unsafe water, sanitation and hygiene services deaths",Djibouti,FEMALE,33.5
ED50112SDGWSHBOD,SDGWSHBOD,ED50112,SDGWSHBOD,2019,YEAR,266,COUNTRY,PUBLISHED,"Unsafe water, sanitation and hygiene services deaths",Gabon,FEMALE,13
ED50112SDGWSHBOD,SDGWSHBOD,ED50112,SDGWSHBOD,2019,YEAR,268,COUNTRY,PUBLISHED,"Unsafe water, sanitation and hygiene services deaths",Georgia,FEMALE,2.9
ED50112SDGWSHBOD,SDGWSHBOD,ED50112,SDGWSHBOD,2019,YEAR,1,GLOBAL,PUBLISHED,"Unsafe water, sanitation and hygiene services deaths",World,MALE,17.61187
ED50112SDGWSHBOD,SDGWSHBOD,ED50112,SDGWSHBOD,2019,YEAR,4,COUNTRY,PUBLISHED,"Unsafe water, sanitation and hygiene services deaths",Afghanistan,MALE,17.2
ED50112SDGWSHBOD,SDGWSHBOD,ED50112,SDGWSHBOD,2019,YEAR,8,COUNTRY,PUBLISHED,"Unsafe water, sanitation and hygiene services deaths",Albania,MALE,2.9
ED50112SDGWSHBOD,SDGWSHBOD,ED50112,SDGWSHBOD,2019,YEAR,12,COUNTRY,PUBLISHED,"Unsafe water, sanitation and hygiene services deaths",Algeria,MALE,4.2
ED50112SDGWSHBOD,SDGWSHBOD,ED50112,SDGWSHBOD,2019,YEAR,24,COUNTRY,PUBLISHED,"Unsafe water, sanitation and hygiene services deaths",Angola,MALE,55.1
ED50112SDGWSHBOD,SDGWSHBOD,ED50112,SDGWSHBOD,2019,YEAR,31,COUNTRY,PUBLISHED,"Unsafe water, sanitation and hygiene services deaths",Azerbaijan,MALE,4.1
ED50112SDGWSHBOD,SDGWSHBOD,ED50112,SDGWSHBOD,2019,YEAR,32,COUNTRY,PUBLISHED,"Unsafe water, sanitation and hygiene services deaths",Argentina,MALE,10.8
ED50112SDGWSHBOD,SDGWSHBOD,ED50112,SDGWSHBOD,2019,YEAR,36,COUNTRY,PUBLISHED,"Unsafe water, sanitation and hygiene services deaths",Australia,MALE,1.7
ED50112SDGWSHBOD,SDGWSHBOD,ED50112,SDGWSHBOD,2019,YEAR,40,COUNTRY,PUBLISHED,"Unsafe water, sanitation and hygiene services deaths",Austria,MALE,1.9
ED50112SDGWSHBOD,SDGWSHBOD,ED50112,SDGWSHBOD,2019,YEAR,44,COUNTRY,PUBLISHED,"Unsafe water, sanitation and hygiene services deaths",Bahamas,MALE,3
ED50112SDGWSHBOD,SDGWSHBOD,ED50112,SDGWSHBOD,2019,YEAR,48,COUNTRY,PUBLISHED,"Unsafe water, sanitation and hygiene services deaths",Bahrain,MALE,0.7
ED50112SDGWSHBOD,SDGWSHBOD,ED50112,SDGWSHBOD,2019,YEAR,50,COUNTRY,PUBLISHED,"Unsafe water, sanitation and hygiene services deaths",Bangladesh,MALE,14.7
ED50112SDGWSHBOD,SDGWSHBOD,ED50112,SDGWSHBOD,2019,YEAR,51,COUNTRY,PUBLISHED,"Unsafe water, sanitation and hygiene services deaths",Armenia,MALE,5
ED50112SDGWSHBOD,SDGWSHBOD,ED50112,SDGWSHBOD,2019,YEAR,52,COUNTRY,PUBLISHED,"Unsafe water, sanitation and hygiene services deaths",Barbados,MALE,6.9
ED50112SDGWSHBOD,SDGWSHBOD,ED50112,SDGWSHBOD,2019,YEAR,56,COUNTRY,PUBLISHED,"Unsafe water, sanitation and hygiene services deaths",Belgium,MALE,4.7
ED50112SDGWSHBOD,SDGWSHBOD,ED50112,SDGWSHBOD,2019,YEAR,64,COUNTRY,PUBLISHED,"Unsafe water, sanitation and hygiene services deaths",Bhutan,MALE,16.3
ED50112SDGWSHBOD,SDGWSHBOD,ED50112,SDGWSHBOD,2019,YEAR,68,COUNTRY,PUBLISHED,"Unsafe water, sanitation and hygiene services deaths",Bolivia (Plurinational State of),MALE,12.8
ED50112SDGWSHBOD,SDGWSHBOD,ED50112,SDGWSHBOD,2019,YEAR,70,COUNTRY,PUBLISHED,"Unsafe water, sanitation and hygiene services deaths",Bosnia and Herzegovina,MALE,2.1
ED50112SDGWSHBOD,SDGWSHBOD,ED50112,SDGWSHBOD,2019,YEAR,72,COUNTRY,PUBLISHED,"Unsafe water, sanitation and hygiene services deaths",Botswana,MALE,32.5
ED50112SDGWSHBOD,SDGWSHBOD,ED50112,SDGWSHBOD,2019,YEAR,76,COUNTRY,PUBLISHED,"Unsafe water, sanitation and hygiene services deaths",Brazil,MALE,6.5
ED50112SDGWSHBOD,SDGWSHBOD,ED50112,SDGWSHBOD,2019,YEAR,84,COUNTRY,PUBLISHED,"Unsafe water, sanitation and hygiene services deaths",Belize,MALE,4.9
ED50112SDGWSHBOD,SDGWSHBOD,ED50112,SDGWSHBOD,2019,YEAR,90,COUNTRY,PUBLISHED,"Unsafe water, sanitation and hygiene services deaths",Solomon Islands,MALE,30.7
ED50112SDGWSHBOD,SDGWSHBOD,ED50112,SDGWSHBOD,2019,YEAR,96,COUNTRY,PUBLISHED,"Unsafe water, sanitation and hygiene services deaths",Brunei Darussalam,MALE,1.6
ED50112SDGWSHBOD,SDGWSHBOD,ED50112,SDGWSHBOD,2019,YEAR,100,COUNTRY,PUBLISHED,"Unsafe water, sanitation and hygiene services deaths",Bulgaria,MALE,3.5
ED50112SDGWSHBOD,SDGWSHBOD,ED50112,SDGWSHBOD,2019,YEAR,104,COUNTRY,PUBLISHED,"Unsafe water, sanitation and hygiene services deaths",Myanmar,MALE,14.7
ED50112SDGWSHBOD,SDGWSHBOD,ED50112,SDGWSHBOD,2019,YEAR,108,COUNTRY,PUBLISHED,"Unsafe water, sanitation and hygiene services deaths",Burundi,MALE,59.8
ED50112SDGWSHBOD,SDGWSHBOD,ED50112,SDGWSHBOD,2019,YEAR,112,COUNTRY,PUBLISHED,"Unsafe water, sanitation and hygiene services deaths",Belarus,MALE,2.1
ED50112SDGWSHBOD,SDGWSHBOD,ED50112,SDGWSHBOD,2019,YEAR,116,COUNTRY,PUBLISHED,"Unsafe water, sanitation and hygiene services deaths",Cambodia,MALE,17.7
ED50112SDGWSHBOD,SDGWSHBOD,ED50112,SDGWSHBOD,2019,YEAR,954,WHOREGION,PUBLISHED,"Unsafe water, sanitation and hygiene services deaths",Americas,MALE,4.90006
ED50112SDGWSHBOD,SDGWSHBOD,ED50112,SDGWSHBOD,2019,YEAR,955,WHOREGION,PUBLISHED,"Unsafe water, sanitation and hygiene services deaths",South-East Asia,MALE,23.92629
ED50112SDGWSHBOD,SDGWSHBOD,ED50112,SDGWSHBOD,2019,YEAR,956,WHOREGION,PUBLISHED,"Unsafe water, sanitation and hygiene services deaths",Europe,MALE,3.87888
ED50112SDGWSHBOD,SDGWSHBOD,ED50112,SDGWSHBOD,2019,YEAR,957,WHOREGION,PUBLISHED,"Unsafe water, sanitation and hygiene services deaths",Eastern Mediterranean,MALE,19.04146
ED50112SDGWSHBOD,SDGWSHBOD,ED50112,SDGWSHBOD,2019,YEAR,958,WHOREGION,PUBLISHED,"Unsafe water, sanitation and hygiene services deaths",Western Pacific,MALE,4.55143
ED50112SDGWSHBOD,SDGWSHBOD,ED50112,SDGWSHBOD,2019,YEAR,728,COUNTRY,PUBLISHED,"Unsafe water, sanitation and hygiene services deaths",South Sudan,MALE,72.9
ED50112SDGWSHBOD,SDGWSHBOD,ED50112,SDGWSHBOD,2019,YEAR,729,COUNTRY,PUBLISHED,"Unsafe water, sanitation and hygiene services deaths",Sudan,MALE,18.4
ED50112SDGWSHBOD,SDGWSHBOD,ED50112,SDGWSHBOD,2019,YEAR,740,COUNTRY,PUBLISHED,"Unsafe water, sanitation and hygiene services deaths",Suriname,MALE,7.2
ED50112SDGWSHBOD,SDGWSHBOD,ED50112,SDGWSHBOD,2019,YEAR,748,COUNTRY,PUBLISHED,"Unsafe water, sanitation and hygiene services deaths",Eswatini,MALE,59.9
ED50112SDGWSHBOD,SDGWSHBOD,ED50112,SDGWSHBOD,2019,YEAR,752,COUNTRY,PUBLISHED,"Unsafe water, sanitation and hygiene services deaths",Sweden,MALE,2.9
ED50112SDGWSHBOD,SDGWSHBOD,ED50112,SDGWSHBOD,2019,YEAR,756,COUNTRY,PUBLISHED,"Unsafe water, sanitation and hygiene services deaths",Switzerland,MALE,2.3
ED50112SDGWSHBOD,SDGWSHBOD,ED50112,SDGWSHBOD,2019,YEAR,760,COUNTRY,PUBLISHED,"Unsafe water, sanitation and hygiene services deaths",Syrian Arab Republic,MALE,9.9
ED50112SDGWSHBOD,SDGWSHBOD,ED50112,SDGWSHBOD,2019,YEAR,762,COUNTRY,PUBLISHED,"Unsafe water, sanitation and hygiene services deaths",Tajikistan,MALE,10
ED50112SDGWSHBOD,SDGWSHBOD,ED50112,SDGWSHBOD,2019,YEAR,764,COUNTRY,PUBLISHED,"Unsafe water, sanitation and hygiene services deaths",Thailand,MALE,12.3
ED50112SDGWSHBOD,SDGWSHBOD,ED50112,SDGWSHBOD,2019,YEAR,768,COUNTRY,PUBLISHED,"Unsafe water, sanitation and hygiene services deaths",Togo,MALE,50.2
ED50112SDGWSHBOD,SDGWSHBOD,ED50112,SDGWSHBOD,2019,YEAR,780,COUNTRY,PUBLISHED,"Unsafe water, sanitation and hygiene services deaths",Trinidad and Tobago,MALE,1.9
ED50112SDGWSHBOD,SDGWSHBOD,ED50112,SDGWSHBOD,2019,YEAR,784,COUNTRY,PUBLISHED,"Unsafe water, sanitation and hygiene services deaths",United Arab Emirates,MALE,0.9
ED50112SDGWSHBOD,SDGWSHBOD,ED50112,SDGWSHBOD,2019,YEAR,788,COUNTRY,PUBLISHED,"Unsafe water, sanitation and hygiene services deaths",Tunisia,MALE,3.3
ED50112SDGWSHBOD,SDGWSHBOD,ED50112,SDGWSHBOD,2019,YEAR,792,COUNTRY,PUBLISHED,"Unsafe water, sanitation and hygiene services deaths",Türkiye,MALE,2.3
ED50112SDGWSHBOD,SDGWSHBOD,ED50112,SDGWSHBOD,2019,YEAR,795,COUNTRY,PUBLISHED,"Unsafe water, sanitation and hygiene services deaths",Turkmenistan,MALE,6.7
ED50112SDGWSHBOD,SDGWSHBOD,ED50112,SDGWSHBOD,2019,YEAR,800,COUNTRY,PUBLISHED,"Unsafe water, sanitation and hygiene services deaths",Uganda,MALE,32.8
ED50112SDGWSHBOD,SDGWSHBOD,ED50112,SDGWSHBOD,2019,YEAR,804,COUNTRY,PUBLISHED,"Unsafe water, sanitation and hygiene services deaths",Ukraine,MALE,3.3
ED50112SDGWSHBOD,SDGWSHBOD,ED50112,SDGWSHBOD,2019,YEAR,807,COUNTRY,PUBLISHED,"Unsafe water, sanitation and hygiene services deaths",North Macedonia,MALE,1.1
ED50112SDGWSHBOD,SDGWSHBOD,ED50112,SDGWSHBOD,2019,YEAR,818,COUNTRY,PUBLISHED,"Unsafe water, sanitation and hygiene services deaths",Egypt,MALE,5.1
ED50112SDGWSHBOD,SDGWSHBOD,ED50112,SDGWSHBOD,2019,YEAR,826,COUNTRY,PUBLISHED,"Unsafe water, sanitation and hygiene services deaths",United Kingdom of Great Britain and Northern Ireland,MALE,5.6
ED50112SDGWSHBOD,SDGWSHBOD,ED50112,SDGWSHBOD,2019,YEAR,834,COUNTRY,PUBLISHED,"Unsafe water, sanitation and hygiene services deaths",United Republic of Tanzania,MALE,32.5
ED50112SDGWSHBOD,SDGWSHBOD,ED50112,SDGWSHBOD,2019,YEAR,840,COUNTRY,PUBLISHED,"Unsafe water, sanitation and hygiene services deaths",United States of America,MALE,2.1
ED50112SDGWSHBOD,SDGWSHBOD,ED50112,SDGWSHBOD,2019,YEAR,854,COUNTRY,PUBLISHED,"Unsafe water, sanitation and hygiene services deaths",Burkina Faso,MALE,64.1
ED50112SDGWSHBOD,SDGWSHBOD,ED50112,SDGWSHBOD,2019,YEAR,858,COUNTRY,PUBLISHED,"Unsafe water, sanitation and hygiene services deaths",Uruguay,MALE,3.9
ED50112SDGWSHBOD,SDGWSHBOD,ED50112,SDGWSHBOD,2019,YEAR,860,COUNTRY,PUBLISHED,"Unsafe water, sanitation and hygiene services deaths",Uzbekistan,MALE,3.3
ED50112SDGWSHBOD,SDGWSHBOD,ED50112,SDGWSHBOD,2019,YEAR,862,COUNTRY,PUBLISHED,"Unsafe water, sanitation and hygiene services deaths",Venezuela (Bolivarian Republic of),MALE,5.4
ED50112SDGWSHBOD,SDGWSHBOD,ED50112,SDGWSHBOD,2019,YEAR,882,COUNTRY,PUBLISHED,"Unsafe water, sanitation and hygiene services deaths",Samoa,MALE,6.7
ED50112SDGWSHBOD,SDGWSHBOD,ED50112,SDGWSHBOD,2019,YEAR,887,COUNTRY,PUBLISHED,"Unsafe water, sanitation and hygiene services deaths",Yemen,MALE,16.9
ED50112SDGWSHBOD,SDGWSHBOD,ED50112,SDGWSHBOD,2019,YEAR,894,COUNTRY,PUBLISHED,"Unsafe water, sanitation and hygiene services deaths",Zambia,MALE,39.9
ED50112SDGWSHBOD,SDGWSHBOD,ED50112,SDGWSHBOD,2019,YEAR,953,WHOREGION,PUBLISHED,"Unsafe water, sanitation and hygiene services deaths",Africa,MALE,51.20332
ED50112SDGWSHBOD,SDGWSHBOD,ED50112,SDGWSHBOD,2019,YEAR,583,COUNTRY,PUBLISHED,"Unsafe water, sanitation and hygiene services deaths",Micronesia (Federated States of),MALE,13.5
ED50112SDGWSHBOD,SDGWSHBOD,ED50112,SDGWSHBOD,2019,YEAR,586,COUNTRY,PUBLISHED,"Unsafe water, sanitation and hygiene services deaths",Pakistan,MALE,39.7
ED50112SDGWSHBOD,SDGWSHBOD,ED50112,SDGWSHBOD,2019,YEAR,591,COUNTRY,PUBLISHED,"Unsafe water, sanitation and hygiene services deaths",Panama,MALE,4.5
ED50112SDGWSHBOD,SDGWSHBOD,ED50112,SDGWSHBOD,2019,YEAR,598,COUNTRY,PUBLISHED,"Unsafe water, sanitation and hygiene services deaths",Papua New Guinea,MALE,27.9
ED50112SDGWSHBOD,SDGWSHBOD,ED50112,SDGWSHBOD,2019,YEAR,600,COUNTRY,PUBLISHED,"Unsafe water, sanitation and hygiene services deaths",Paraguay,MALE,4.9
ED50112SDGWSHBOD,SDGWSHBOD,ED50112,SDGWSHBOD,2019,YEAR,604,COUNTRY,PUBLISHED,"Unsafe water, sanitation and hygiene services deaths",Peru,MALE,7.3
ED50112SDGWSHBOD,SDGWSHBOD,ED50112,SDGWSHBOD,2019,YEAR,608,COUNTRY,PUBLISHED,"Unsafe water, sanitation and hygiene services deaths",Philippines,MALE,16.8
ED50112SDGWSHBOD,SDGWSHBOD,ED50112,SDGWSHBOD,2019,YEAR,616,COUNTRY,PUBLISHED,"Unsafe water, sanitation and hygiene services deaths",Poland,MALE,5.7
ED50112SDGWSHBOD,SDGWSHBOD,ED50112,SDGWSHBOD,2019,YEAR,620,COUNTRY,PUBLISHED,"Unsafe water, sanitation and hygiene services deaths",Portugal,MALE,6.9
ED50112SDGWSHBOD,SDGWSHBOD,ED50112,SDGWSHBOD,2019,YEAR,624,COUNTRY,PUBLISHED,"Unsafe water, sanitation and hygiene services deaths",Guinea-Bissau,MALE,51.2
ED50112SDGWSHBOD,SDGWSHBOD,ED50112,SDGWSHBOD,2019,YEAR,626,COUNTRY,PUBLISHED,"Unsafe water, sanitation and hygiene services deaths",Timor-Leste,MALE,22.2
ED50112SDGWSHBOD,SDGWSHBOD,ED50112,SDGWSHBOD,2019,YEAR,634,COUNTRY,PUBLISHED,"Unsafe water, sanitation and hygiene services deaths",Qatar,MALE,0.3
ED50112SDGWSHBOD,SDGWSHBOD,ED50112,SDGWSHBOD,2019,YEAR,642,COUNTRY,PUBLISHED,"Unsafe water, sanitation and hygiene services deaths",Romania,MALE,8.5
ED50112SDGWSHBOD,SDGWSHBOD,ED50112,SDGWSHBOD,2019,YEAR,643,COUNTRY,PUBLISHED,"Unsafe water, sanitation and hygiene services deaths",Russian Federation,MALE,4.6
ED50112SDGWSHBOD,SDGWSHBOD,ED50112,SDGWSHBOD,2019,YEAR,646,COUNTRY,PUBLISHED,"Unsafe water, sanitation and hygiene services deaths",Rwanda,MALE,28.7
ED50112SDGWSHBOD,SDGWSHBOD,ED50112,SDGWSHBOD,2019,YEAR,662,COUNTRY,PUBLISHED,"Unsafe water, sanitation and hygiene services deaths",Saint Lucia,MALE,7
ED50112SDGWSHBOD,SDGWSHBOD,ED50112,SDGWSHBOD,2019,YEAR,670,COUNTRY,PUBLISHED,"Unsafe water, sanitation and hygiene services deaths",Saint Vincent and the Grenadines,MALE,5.4
ED50112SDGWSHBOD,SDGWSHBOD,ED50112,SDGWSHBOD,2019,YEAR,678,COUNTRY,PUBLISHED,"Unsafe water, sanitation and hygiene services deaths",Sao Tome and Principe,MALE,16.8
ED50112SDGWSHBOD,SDGWSHBOD,ED50112,SDGWSHBOD,2019,YEAR,686,COUNTRY,PUBLISHED,"Unsafe water, sanitation and hygiene services deaths",Senegal,MALE,36.2
ED50112SDGWSHBOD,SDGWSHBOD,ED50112,SDGWSHBOD,2019,YEAR,688,COUNTRY,PUBLISHED,"Unsafe water, sanitation and hygiene services deaths",Serbia,MALE,4.3
ED50112SDGWSHBOD,SDGWSHBOD,ED50112,SDGWSHBOD,2019,YEAR,690,COUNTRY,PUBLISHED,"Unsafe water, sanitation and hygiene services deaths",Seychelles,MALE,8.7
ED50112SDGWSHBOD,SDGWSHBOD,ED50112,SDGWSHBOD,2019,YEAR,694,COUNTRY,PUBLISHED,"Unsafe water, sanitation and hygiene services deaths",Sierra Leone,MALE,78.9
ED50112SDGWSHBOD,SDGWSHBOD,ED50112,SDGWSHBOD,2019,YEAR,702,COUNTRY,PUBLISHED,"Unsafe water, sanitation and hygiene services deaths",Singapore,MALE,8.6
ED50112SDGWSHBOD,SDGWSHBOD,ED50112,SDGWSHBOD,2019,YEAR,703,COUNTRY,PUBLISHED,"Unsafe water, sanitation and hygiene services deaths",Slovakia,MALE,4.2
ED50112SDGWSHBOD,SDGWSHBOD,ED50112,SDGWSHBOD,2019,YEAR,704,COUNTRY,PUBLISHED,"Unsafe water, sanitation and hygiene services deaths",Viet Nam,MALE,7.5
ED50112SDGWSHBOD,SDGWSHBOD,ED50112,SDGWSHBOD,2019,YEAR,705,COUNTRY,PUBLISHED,"Unsafe water, sanitation and hygiene services deaths",Slovenia,MALE,1.3
ED50112SDGWSHBOD,SDGWSHBOD,ED50112,SDGWSHBOD,2019,YEAR,706,COUNTRY,PUBLISHED,"Unsafe water, sanitation and hygiene services deaths",Somalia,MALE,106.7
ED50112SDGWSHBOD,SDGWSHBOD,ED50112,SDGWSHBOD,2019,YEAR,710,COUNTRY,PUBLISHED,"Unsafe water, sanitation and hygiene services deaths",South Africa,MALE,28.3
ED50112SDGWSHBOD,SDGWSHBOD,ED50112,SDGWSHBOD,2019,YEAR,716,COUNTRY,PUBLISHED,"Unsafe water, sanitation and hygiene services deaths",Zimbabwe,MALE,46
ED50112SDGWSHBOD,SDGWSHBOD,ED50112,SDGWSHBOD,2019,YEAR,724,COUNTRY,PUBLISHED,"Unsafe water, sanitation and hygiene services deaths",Spain,MALE,3.1
ED50112SDGWSHBOD,SDGWSHBOD,ED50112,SDGWSHBOD,2019,YEAR,422,COUNTRY,PUBLISHED,"Unsafe water, sanitation and hygiene services deaths",Lebanon,MALE,2.7
ED50112SDGWSHBOD,SDGWSHBOD,ED50112,SDGWSHBOD,2019,YEAR,426,COUNTRY,PUBLISHED,"Unsafe water, sanitation and hygiene services deaths",Lesotho,MALE,116.9
ED50112SDGWSHBOD,SDGWSHBOD,ED50112,SDGWSHBOD,2019,YEAR,428,COUNTRY,PUBLISHED,"Unsafe water, sanitation and hygiene services deaths",Latvia,MALE,3.1
ED50112SDGWSHBOD,SDGWSHBOD,ED50112,SDGWSHBOD,2019,YEAR,430,COUNTRY,PUBLISHED,"Unsafe water, sanitation and hygiene services deaths",Liberia,MALE,35.2
ED50112SDGWSHBOD,SDGWSHBOD,ED50112,SDGWSHBOD,2019,YEAR,434,COUNTRY,PUBLISHED,"Unsafe water, sanitation and hygiene services deaths",Libya,MALE,2.2
ED50112SDGWSHBOD,SDGWSHBOD,ED50112,SDGWSHBOD,2019,YEAR,440,COUNTRY,PUBLISHED,"Unsafe water, sanitation and hygiene services deaths",Lithuania,MALE,3.1
ED50112SDGWSHBOD,SDGWSHBOD,ED50112,SDGWSHBOD,2019,YEAR,442,COUNTRY,PUBLISHED,"Unsafe water, sanitation and hygiene services deaths",Luxembourg,MALE,1.7
ED50112SDGWSHBOD,SDGWSHBOD,ED50112,SDGWSHBOD,2019,YEAR,450,COUNTRY,PUBLISHED,"Unsafe water, sanitation and hygiene services deaths",Madagascar,MALE,43.5
ED50112SDGWSHBOD,SDGWSHBOD,ED50112,SDGWSHBOD,2019,YEAR,454,COUNTRY,PUBLISHED,"Unsafe water, sanitation and hygiene services deaths",Malawi,MALE,36.4
ED50112SDGWSHBOD,SDGWSHBOD,ED50112,SDGWSHBOD,2019,YEAR,458,COUNTRY,PUBLISHED,"Unsafe water, sanitation and hygiene services deaths",Malaysia,MALE,15.6
ED50112SDGWSHBOD,SDGWSHBOD,ED50112,SDGWSHBOD,2019,YEAR,462,COUNTRY,PUBLISHED,"Unsafe water, sanitation and hygiene services deaths",Maldives,MALE,2.1
ED50112SDGWSHBOD,SDGWSHBOD,ED50112,SDGWSHBOD,2019,YEAR,466,COUNTRY,PUBLISHED,"Unsafe water, sanitation and hygiene services deaths",Mali,MALE,73.2
ED50112SDGWSHBOD,SDGWSHBOD,ED50112,SDGWSHBOD,2019,YEAR,470,COUNTRY,PUBLISHED,"Unsafe water, sanitation and hygiene services deaths",Malta,MALE,3.9
ED50112SDGWSHBOD,SDGWSHBOD,ED50112,SDGWSHBOD,2019,YEAR,478,COUNTRY,PUBLISHED,"Unsafe water, sanitation and hygiene services deaths",Mauritania,MALE,40.6
ED50112SDGWSHBOD,SDGWSHBOD,ED50112,SDGWSHBOD,2019,YEAR,480,COUNTRY,PUBLISHED,"Unsafe water, sanitation and hygiene services deaths",Mauritius,MALE,5.2
ED50112SDGWSHBOD,SDGWSHBOD,ED50112,SDGWSHBOD,2019,YEAR,484,COUNTRY,PUBLISHED,"Unsafe water, sanitation and hygiene services deaths",Mexico,MALE,3.8
ED50112SDGWSHBOD,SDGWSHBOD,ED50112,SDGWSHBOD,2019,YEAR,496,COUNTRY,PUBLISHED,"Unsafe water, sanitation and hygiene services deaths",Mongolia,MALE,3.8
ED50112SDGWSHBOD,SDGWSHBOD,ED50112,SDGWSHBOD,2019,YEAR,498,COUNTRY,PUBLISHED,"Unsafe water, sanitation and hygiene services deaths",Republic of Moldova,MALE,5.4
ED50112SDGWSHBOD,SDGWSHBOD,ED50112,SDGWSHBOD,2019,YEAR,499,COUNTRY,PUBLISHED,"Unsafe water, sanitation and hygiene services deaths",Montenegro,MALE,2.2
ED50112SDGWSHBOD,SDGWSHBOD,ED50112,SDGWSHBOD,2019,YEAR,504,COUNTRY,PUBLISHED,"Unsafe water, sanitation and hygiene services deaths",Morocco,MALE,4.6
ED50112SDGWSHBOD,SDGWSHBOD,ED50112,SDGWSHBOD,2019,YEAR,508,COUNTRY,PUBLISHED,"Unsafe water, sanitation and hygiene services deaths",Mozambique,MALE,55
ED50112SDGWSHBOD,SDGWSHBOD,ED50112,SDGWSHBOD,2019,YEAR,512,COUNTRY,PUBLISHED,"Unsafe water, sanitation and hygiene services deaths",Oman,MALE,1.5
ED50112SDGWSHBOD,SDGWSHBOD,ED50112,SDGWSHBOD,2019,YEAR,516,COUNTRY,PUBLISHED,"Unsafe water, sanitation and hygiene services deaths",Namibia,MALE,36.4
ED50112SDGWSHBOD,SDGWSHBOD,ED50112,SDGWSHBOD,2019,YEAR,524,COUNTRY,PUBLISHED,"Unsafe water, sanitation and hygiene services deaths",Nepal,MALE,15.2
ED50112SDGWSHBOD,SDGWSHBOD,ED50112,SDGWSHBOD,2019,YEAR,528,COUNTRY,PUBLISHED,"Unsafe water, sanitation and hygiene services deaths",Netherlands (Kingdom of the),MALE,2.9
ED50112SDGWSHBOD,SDGWSHBOD,ED50112,SDGWSHBOD,2019,YEAR,548,COUNTRY,PUBLISHED,"Unsafe water, sanitation and hygiene services deaths",Vanuatu,MALE,25.1
ED50112SDGWSHBOD,SDGWSHBOD,ED50112,SDGWSHBOD,2019,YEAR,554,COUNTRY,PUBLISHED,"Unsafe water, sanitation and hygiene services deaths",New Zealand,MALE,1.8
ED50112SDGWSHBOD,SDGWSHBOD,ED50112,SDGWSHBOD,2019,YEAR,558,COUNTRY,PUBLISHED,"Unsafe water, sanitation and hygiene services deaths",Nicaragua,MALE,3.7
ED50112SDGWSHBOD,SDGWSHBOD,ED50112,SDGWSHBOD,2019,YEAR,562,COUNTRY,PUBLISHED,"Unsafe water, sanitation and hygiene services deaths",Niger,MALE,77
ED50112SDGWSHBOD,SDGWSHBOD,ED50112,SDGWSHBOD,2019,YEAR,566,COUNTRY,PUBLISHED,"Unsafe water, sanitation and hygiene services deaths",Nigeria,MALE,72.8
ED50112SDGWSHBOD,SDGWSHBOD,ED50112,SDGWSHBOD,2019,YEAR,578,COUNTRY,PUBLISHED,"Unsafe water, sanitation and hygiene services deaths",Norway,MALE,3.2
ED50112SDGWSHBOD,SDGWSHBOD,ED50112,SDGWSHBOD,2019,YEAR,268,COUNTRY,PUBLISHED,"Unsafe water, sanitation and hygiene services deaths",Georgia,MALE,3.8
ED50112SDGWSHBOD,SDGWSHBOD,ED50112,SDGWSHBOD,2019,YEAR,270,COUNTRY,PUBLISHED,"Unsafe water, sanitation and hygiene services deaths",Gambia,MALE,33.2
ED50112SDGWSHBOD,SDGWSHBOD,ED50112,SDGWSHBOD,2019,YEAR,276,COUNTRY,PUBLISHED,"Unsafe water, sanitation and hygiene services deaths",Germany,MALE,3.6
ED50112SDGWSHBOD,SDGWSHBOD,ED50112,SDGWSHBOD,2019,YEAR,288,COUNTRY,PUBLISHED,"Unsafe water, sanitation and hygiene services deaths",Ghana,MALE,30.7
ED50112SDGWSHBOD,SDGWSHBOD,ED50112,SDGWSHBOD,2019,YEAR,296,COUNTRY,PUBLISHED,"Unsafe water, sanitation and hygiene services deaths",Kiribati,MALE,31
ED50112SDGWSHBOD,SDGWSHBOD,ED50112,SDGWSHBOD,2019,YEAR,300,COUNTRY,PUBLISHED,"Unsafe water, sanitation and hygiene services deaths",Greece,MALE,6.6
ED50112SDGWSHBOD,SDGWSHBOD,ED50112,SDGWSHBOD,2019,YEAR,308,COUNTRY,PUBLISHED,"Unsafe water, sanitation and hygiene services deaths",Grenada,MALE,5.6
ED50112SDGWSHBOD,SDGWSHBOD,ED50112,SDGWSHBOD,2019,YEAR,320,COUNTRY,PUBLISHED,"Unsafe water, sanitation and hygiene services deaths",Guatemala,MALE,16.3
ED50112SDGWSHBOD,SDGWSHBOD,ED50112,SDGWSHBOD,2019,YEAR,324,COUNTRY,PUBLISHED,"Unsafe water, sanitation and hygiene services deaths",Guinea,MALE,61
ED50112SDGWSHBOD,SDGWSHBOD,ED50112,SDGWSHBOD,2019,YEAR,328,COUNTRY,PUBLISHED,"Unsafe water, sanitation and hygiene services deaths",Guyana,MALE,9.1
ED50112SDGWSHBOD,SDGWSHBOD,ED50112,SDGWSHBOD,2019,YEAR,332,COUNTRY,PUBLISHED,"Unsafe water, sanitation and hygiene services deaths",Haiti,MALE,27.1
ED50112SDGWSHBOD,SDGWSHBOD,ED50112,SDGWSHBOD,2019,YEAR,340,COUNTRY,PUBLISHED,"Unsafe water, sanitation and hygiene services deaths",Honduras,MALE,6
ED50112SDGWSHBOD,SDGWSHBOD,ED50112,SDGWSHBOD,2019,YEAR,348,COUNTRY,PUBLISHED,"Unsafe water, sanitation and hygiene services deaths",Hungary,MALE,1.9
ED50112SDGWSHBOD,SDGWSHBOD,ED50112,SDGWSHBOD,2019,YEAR,352,COUNTRY,PUBLISHED,"Unsafe water, sanitation and hygiene services deaths",Iceland,MALE,2.3
ED50112SDGWSHBOD,SDGWSHBOD,ED50112,SDGWSHBOD,2019,YEAR,356,COUNTRY,PUBLISHED,"Unsafe water, sanitation and hygiene services deaths",India,MALE,28.1
ED50112SDGWSHBOD,SDGWSHBOD,ED50112,SDGWSHBOD,2019,YEAR,360,COUNTRY,PUBLISHED,"Unsafe water, sanitation and hygiene services deaths",Indonesia,MALE,16.4
ED50112SDGWSHBOD,SDGWSHBOD,ED50112,SDGWSHBOD,2019,YEAR,364,COUNTRY,PUBLISHED,"Unsafe water, sanitation and hygiene services deaths",Iran (Islamic Republic of),MALE,3.2
ED50112SDGWSHBOD,SDGWSHBOD,ED50112,SDGWSHBOD,2019,YEAR,368,COUNTRY,PUBLISHED,"Unsafe water, sanitation and hygiene services deaths",Iraq,MALE,4.8
ED50112SDGWSHBOD,SDGWSHBOD,ED50112,SDGWSHBOD,2019,YEAR,372,COUNTRY,PUBLISHED,"Unsafe water, sanitation and hygiene services deaths",Ireland,MALE,2.5
ED50112SDGWSHBOD,SDGWSHBOD,ED50112,SDGWSHBOD,2019,YEAR,376,COUNTRY,PUBLISHED,"Unsafe water, sanitation and hygiene services deaths",Israel,MALE,1.9
ED50112SDGWSHBOD,SDGWSHBOD,ED50112,SDGWSHBOD,2019,YEAR,380,COUNTRY,PUBLISHED,"Unsafe water, sanitation and hygiene services deaths",Italy,MALE,2.8
ED50112SDGWSHBOD,SDGWSHBOD,ED50112,SDGWSHBOD,2019,YEAR,384,COUNTRY,PUBLISHED,"Unsafe water, sanitation and hygiene services deaths",Côte d'Ivoire,MALE,53.8
ED50112SDGWSHBOD,SDGWSHBOD,ED50112,SDGWSHBOD,2019,YEAR,388,COUNTRY,PUBLISHED,"Unsafe water, sanitation and hygiene services deaths",Jamaica,MALE,2.4
ED50112SDGWSHBOD,SDGWSHBOD,ED50112,SDGWSHBOD,2019,YEAR,392,COUNTRY,PUBLISHED,"Unsafe water, sanitation and hygiene services deaths",Japan,MALE,9
ED50112SDGWSHBOD,SDGWSHBOD,ED50112,SDGWSHBOD,2019,YEAR,398,COUNTRY,PUBLISHED,"Unsafe water, sanitation and hygiene services deaths",Kazakhstan,MALE,3.9
ED50112SDGWSHBOD,SDGWSHBOD,ED50112,SDGWSHBOD,2019,YEAR,400,COUNTRY,PUBLISHED,"Unsafe water, sanitation and hygiene services deaths",Jordan,MALE,2
ED50112SDGWSHBOD,SDGWSHBOD,ED50112,SDGWSHBOD,2019,YEAR,404,COUNTRY,PUBLISHED,"Unsafe water, sanitation and hygiene services deaths",Kenya,MALE,32.2
ED50112SDGWSHBOD,SDGWSHBOD,ED50112,SDGWSHBOD,2019,YEAR,408,COUNTRY,PUBLISHED,"Unsafe water, sanitation and hygiene services deaths",Democratic People's Republic of Korea,MALE,3.7
ED50112SDGWSHBOD,SDGWSHBOD,ED50112,SDGWSHBOD,2019,YEAR,414,COUNTRY,PUBLISHED,"Unsafe water, sanitation and hygiene services deaths",Kuwait,MALE,0.9
ED50112SDGWSHBOD,SDGWSHBOD,ED50112,SDGWSHBOD,2019,YEAR,417,COUNTRY,PUBLISHED,"Unsafe water, sanitation and hygiene services deaths",Kyrgyzstan,MALE,2.6
ED50112SDGWSHBOD,SDGWSHBOD,ED50112,SDGWSHBOD,2019,YEAR,418,COUNTRY,PUBLISHED,"Unsafe water, sanitation and hygiene services deaths",Lao People's Democratic Republic,MALE,21.4
ED50112SDGWSHBOD,SDGWSHBOD,ED50112,SDGWSHBOD,2019,YEAR,120,COUNTRY,PUBLISHED,"Unsafe water, sanitation and hygiene services deaths",Cameroon,MALE,52.2
ED50112SDGWSHBOD,SDGWSHBOD,ED50112,SDGWSHBOD,2019,YEAR,124,COUNTRY,PUBLISHED,"Unsafe water, sanitation and hygiene services deaths",Canada,MALE,2.1
ED50112SDGWSHBOD,SDGWSHBOD,ED50112,SDGWSHBOD,2019,YEAR,132,COUNTRY,PUBLISHED,"Unsafe water, sanitation and hygiene services deaths",Cabo Verde,MALE,13.1
ED50112SDGWSHBOD,SDGWSHBOD,ED50112,SDGWSHBOD,2019,YEAR,140,COUNTRY,PUBLISHED,"Unsafe water, sanitation and hygiene services deaths",Central African Republic,MALE,108.9
ED50112SDGWSHBOD,SDGWSHBOD,ED50112,SDGWSHBOD,2019,YEAR,144,COUNTRY,PUBLISHED,"Unsafe water, sanitation and hygiene services deaths",Sri Lanka,MALE,5.2
ED50112SDGWSHBOD,SDGWSHBOD,ED50112,SDGWSHBOD,2019,YEAR,148,COUNTRY,PUBLISHED,"Unsafe water, sanitation and hygiene services deaths",Chad,MALE,107.1
ED50112SDGWSHBOD,SDGWSHBOD,ED50112,SDGWSHBOD,2019,YEAR,152,COUNTRY,PUBLISHED,"Unsafe water, sanitation and hygiene services deaths",Chile,MALE,2.2
ED50112SDGWSHBOD,SDGWSHBOD,ED50112,SDGWSHBOD,2019,YEAR,156,COUNTRY,PUBLISHED,"Unsafe water, sanitation and hygiene services deaths",China,MALE,2.5
ED50112SDGWSHBOD,SDGWSHBOD,ED50112,SDGWSHBOD,2019,YEAR,174,COUNTRY,PUBLISHED,"Unsafe water, sanitation and hygiene services deaths",Comoros,MALE,48.4
ED50112SDGWSHBOD,SDGWSHBOD,ED50112,SDGWSHBOD,2019,YEAR,178,COUNTRY,PUBLISHED,"Unsafe water, sanitation and hygiene services deaths",Congo,MALE,31.2
ED50112SDGWSHBOD,SDGWSHBOD,ED50112,SDGWSHBOD,2019,YEAR,180,COUNTRY,PUBLISHED,"Unsafe water, sanitation and hygiene services deaths",Democratic Republic of the Congo,MALE,63
ED50112SDGWSHBOD,SDGWSHBOD,ED50112,SDGWSHBOD,2019,YEAR,188,COUNTRY,PUBLISHED,"Unsafe water, sanitation and hygiene services deaths",Costa Rica,MALE,3
ED50112SDGWSHBOD,SDGWSHBOD,ED50112,SDGWSHBOD,2019,YEAR,191,COUNTRY,PUBLISHED,"Unsafe water, sanitation and hygiene services deaths",Croatia,MALE,2.2
ED50112SDGWSHBOD,SDGWSHBOD,ED50112,SDGWSHBOD,2019,YEAR,192,COUNTRY,PUBLISHED,"Unsafe water, sanitation and hygiene services deaths",Cuba,MALE,10.1
ED50112SDGWSHBOD,SDGWSHBOD,ED50112,SDGWSHBOD,2019,YEAR,196,COUNTRY,PUBLISHED,"Unsafe water, sanitation and hygiene services deaths",Cyprus,MALE,1.5
ED50112SDGWSHBOD,SDGWSHBOD,ED50112,SDGWSHBOD,2019,YEAR,203,COUNTRY,PUBLISHED,"Unsafe water, sanitation and hygiene services deaths",Czechia,MALE,4.2
ED50112SDGWSHBOD,SDGWSHBOD,ED50112,SDGWSHBOD,2019,YEAR,204,COUNTRY,PUBLISHED,"Unsafe water, sanitation and hygiene services deaths",Benin,MALE,66
ED50112SDGWSHBOD,SDGWSHBOD,ED50112,SDGWSHBOD,2019,YEAR,208,COUNTRY,PUBLISHED,"Unsafe water, sanitation and hygiene services deaths",Denmark,MALE,4.1
ED50112SDGWSHBOD,SDGWSHBOD,ED50112,SDGWSHBOD,2019,YEAR,214,COUNTRY,PUBLISHED,"Unsafe water, sanitation and hygiene services deaths",Dominican Republic,MALE,6.1
ED50112SDGWSHBOD,SDGWSHBOD,ED50112,SDGWSHBOD,2019,YEAR,218,COUNTRY,PUBLISHED,"Unsafe water, sanitation and hygiene services deaths",Ecuador,MALE,4.5
ED50112SDGWSHBOD,SDGWSHBOD,ED50112,SDGWSHBOD,2019,YEAR,222,COUNTRY,PUBLISHED,"Unsafe water, sanitation and hygiene services deaths",El Salvador,MALE,7.4
ED50112SDGWSHBOD,SDGWSHBOD,ED50112,SDGWSHBOD,2019,YEAR,226,COUNTRY,PUBLISHED,"Unsafe water, sanitation and hygiene services deaths",Equatorial Guinea,MALE,29.6
ED50112SDGWSHBOD,SDGWSHBOD,ED50112,SDGWSHBOD,2019,YEAR,231,COUNTRY,PUBLISHED,"Unsafe water, sanitation and hygiene services deaths",Ethiopia,MALE,45.7
ED50112SDGWSHBOD,SDGWSHBOD,ED50112,SDGWSHBOD,2019,YEAR,232,COUNTRY,PUBLISHED,"Unsafe water, sanitation and hygiene services deaths",Eritrea,MALE,83.6
ED50112SDGWSHBOD,SDGWSHBOD,ED50112,SDGWSHBOD,2019,YEAR,233,COUNTRY,PUBLISHED,"Unsafe water, sanitation and hygiene services deaths",Estonia,MALE,3
ED50112SDGWSHBOD,SDGWSHBOD,ED50112,SDGWSHBOD,2019,YEAR,242,COUNTRY,PUBLISHED,"Unsafe water, sanitation and hygiene services deaths",Fiji,MALE,11.5
ED50112SDGWSHBOD,SDGWSHBOD,ED50112,SDGWSHBOD,2019,YEAR,246,COUNTRY,PUBLISHED,"Unsafe water, sanitation and hygiene services deaths",Finland,MALE,0.7
ED50112SDGWSHBOD,SDGWSHBOD,ED50112,SDGWSHBOD,2019,YEAR,250,COUNTRY,PUBLISHED,"Unsafe water, sanitation and hygiene services deaths",France,MALE,3
ED50112SDGWSHBOD,SDGWSHBOD,ED50112,SDGWSHBOD,2019,YEAR,262,COUNTRY,PUBLISHED,"Unsafe water, sanitation and hygiene services deaths",Djibouti,MALE,41.2
ED50112SDGWSHBOD,SDGWSHBOD,ED50112,SDGWSHBOD,2019,YEAR,266,COUNTRY,PUBLISHED,"Unsafe water, sanitation and hygiene services deaths",Gabon,MALE,21.8
ED50112SDGWSHBOD,SDGWSHBOD,ED50112,SDGWSHBOD,2019,YEAR,1,GLOBAL,PUBLISHED,"Unsafe water, sanitation and hygiene services deaths",World,TOTAL,18.26571
ED50112SDGWSHBOD,SDGWSHBOD,ED50112,SDGWSHBOD,2019,YEAR,4,COUNTRY,PUBLISHED,"Unsafe water, sanitation and hygiene services deaths",Afghanistan,TOTAL,16.6
ED50112SDGWSHBOD,SDGWSHBOD,ED50112,SDGWSHBOD,2019,YEAR,8,COUNTRY,PUBLISHED,"Unsafe water, sanitation and hygiene services deaths",Albania,TOTAL,3.2
ED50112SDGWSHBOD,SDGWSHBOD,ED50112,SDGWSHBOD,2019,YEAR,12,COUNTRY,PUBLISHED,"Unsafe water, sanitation and hygiene services deaths",Algeria,TOTAL,4.1
ED50112SDGWSHBOD,SDGWSHBOD,ED50112,SDGWSHBOD,2019,YEAR,24,COUNTRY,PUBLISHED,"Unsafe water, sanitation and hygiene services deaths",Angola,TOTAL,48.9
ED50112SDGWSHBOD,SDGWSHBOD,ED50112,SDGWSHBOD,2019,YEAR,31,COUNTRY,PUBLISHED,"Unsafe water, sanitation and hygiene services deaths",Azerbaijan,TOTAL,3.6
ED50112SDGWSHBOD,SDGWSHBOD,ED50112,SDGWSHBOD,2019,YEAR,32,COUNTRY,PUBLISHED,"Unsafe water, sanitation and hygiene services deaths",Argentina,TOTAL,11.4
ED50112SDGWSHBOD,SDGWSHBOD,ED50112,SDGWSHBOD,2019,YEAR,36,COUNTRY,PUBLISHED,"Unsafe water, sanitation and hygiene services deaths",Australia,TOTAL,1.9
ED50112SDGWSHBOD,SDGWSHBOD,ED50112,SDGWSHBOD,2019,YEAR,40,COUNTRY,PUBLISHED,"Unsafe water, sanitation and hygiene services deaths",Austria,TOTAL,2
ED50112SDGWSHBOD,SDGWSHBOD,ED50112,SDGWSHBOD,2019,YEAR,44,COUNTRY,PUBLISHED,"Unsafe water, sanitation and hygiene services deaths",Bahamas,TOTAL,2.6
ED50112SDGWSHBOD,SDGWSHBOD,ED50112,SDGWSHBOD,2019,YEAR,48,COUNTRY,PUBLISHED,"Unsafe water, sanitation and hygiene services deaths",Bahrain,TOTAL,0.8
ED50112SDGWSHBOD,SDGWSHBOD,ED50112,SDGWSHBOD,2019,YEAR,50,COUNTRY,PUBLISHED,"Unsafe water, sanitation and hygiene services deaths",Bangladesh,TOTAL,18.2
ED50112SDGWSHBOD,SDGWSHBOD,ED50112,SDGWSHBOD,2019,YEAR,51,COUNTRY,PUBLISHED,"Unsafe water, sanitation and hygiene services deaths",Armenia,TOTAL,5.8
ED50112SDGWSHBOD,SDGWSHBOD,ED50112,SDGWSHBOD,2019,YEAR,52,COUNTRY,PUBLISHED,"Unsafe water, sanitation and hygiene services deaths",Barbados,TOTAL,7.7
ED50112SDGWSHBOD,SDGWSHBOD,ED50112,SDGWSHBOD,2019,YEAR,56,COUNTRY,PUBLISHED,"Unsafe water, sanitation and hygiene services deaths",Belgium,TOTAL,5.3
ED50112SDGWSHBOD,SDGWSHBOD,ED50112,SDGWSHBOD,2019,YEAR,64,COUNTRY,PUBLISHED,"Unsafe water, sanitation and hygiene services deaths",Bhutan,TOTAL,15.7
ED50112SDGWSHBOD,SDGWSHBOD,ED50112,SDGWSHBOD,2019,YEAR,68,COUNTRY,PUBLISHED,"Unsafe water, sanitation and hygiene services deaths",Bolivia (Plurinational State of),TOTAL,14.3
ED50112SDGWSHBOD,SDGWSHBOD,ED50112,SDGWSHBOD,2019,YEAR,70,COUNTRY,PUBLISHED,"Unsafe water, sanitation and hygiene services deaths",Bosnia and Herzegovina,TOTAL,1.9
ED50112SDGWSHBOD,SDGWSHBOD,ED50112,SDGWSHBOD,2019,YEAR,72,COUNTRY,PUBLISHED,"Unsafe water, sanitation and hygiene services deaths",Botswana,TOTAL,26.8
ED50112SDGWSHBOD,SDGWSHBOD,ED50112,SDGWSHBOD,2019,YEAR,76,COUNTRY,PUBLISHED,"Unsafe water, sanitation and hygiene services deaths",Brazil,TOTAL,6.6
ED50112SDGWSHBOD,SDGWSHBOD,ED50112,SDGWSHBOD,2019,YEAR,84,COUNTRY,PUBLISHED,"Unsafe water, sanitation and hygiene services deaths",Belize,TOTAL,4.3
ED50112SDGWSHBOD,SDGWSHBOD,ED50112,SDGWSHBOD,2019,YEAR,90,COUNTRY,PUBLISHED,"Unsafe water, sanitation and hygiene services deaths",Solomon Islands,TOTAL,32.7
ED50112SDGWSHBOD,SDGWSHBOD,ED50112,SDGWSHBOD,2019,YEAR,100,COUNTRY,PUBLISHED,"Unsafe water, sanitation and hygiene services deaths",Bulgaria,TOTAL,2.9
ED50112SDGWSHBOD,SDGWSHBOD,ED50112,SDGWSHBOD,2019,YEAR,104,COUNTRY,PUBLISHED,"Unsafe water, sanitation and hygiene services deaths",Myanmar,TOTAL,12.9
ED50112SDGWSHBOD,SDGWSHBOD,ED50112,SDGWSHBOD,2019,YEAR,108,COUNTRY,PUBLISHED,"Unsafe water, sanitation and hygiene services deaths",Burundi,TOTAL,53.3
ED50112SDGWSHBOD,SDGWSHBOD,ED50112,SDGWSHBOD,2019,YEAR,112,COUNTRY,PUBLISHED,"Unsafe water, sanitation and hygiene services deaths",Belarus,TOTAL,1.6
ED50112SDGWSHBOD,SDGWSHBOD,ED50112,SDGWSHBOD,2019,YEAR,116,COUNTRY,PUBLISHED,"Unsafe water, sanitation and hygiene services deaths",Cambodia,TOTAL,17.1
ED50112SDGWSHBOD,SDGWSHBOD,ED50112,SDGWSHBOD,2019,YEAR,954,WHOREGION,PUBLISHED,"Unsafe water, sanitation and hygiene services deaths",Americas,TOTAL,4.9648
ED50112SDGWSHBOD,SDGWSHBOD,ED50112,SDGWSHBOD,2019,YEAR,955,WHOREGION,PUBLISHED,"Unsafe water, sanitation and hygiene services deaths",South-East Asia,TOTAL,29.62251
ED50112SDGWSHBOD,SDGWSHBOD,ED50112,SDGWSHBOD,2019,YEAR,956,WHOREGION,PUBLISHED,"Unsafe water, sanitation and hygiene services deaths",Europe,TOTAL,3.59976
ED50112SDGWSHBOD,SDGWSHBOD,ED50112,SDGWSHBOD,2019,YEAR,957,WHOREGION,PUBLISHED,"Unsafe water, sanitation and hygiene services deaths",Eastern Mediterranean,TOTAL,18.43546
ED50112SDGWSHBOD,SDGWSHBOD,ED50112,SDGWSHBOD,2019,YEAR,958,WHOREGION,PUBLISHED,"Unsafe water, sanitation and hygiene services deaths",Western Pacific,TOTAL,4.32193
ED50112SDGWSHBOD,SDGWSHBOD,ED50112,SDGWSHBOD,2019,YEAR,728,COUNTRY,PUBLISHED,"Unsafe water, sanitation and hygiene services deaths",South Sudan,TOTAL,68.1
ED50112SDGWSHBOD,SDGWSHBOD,ED50112,SDGWSHBOD,2019,YEAR,729,COUNTRY,PUBLISHED,"Unsafe water, sanitation and hygiene services deaths",Sudan,TOTAL,15.8
ED50112SDGWSHBOD,SDGWSHBOD,ED50112,SDGWSHBOD,2019,YEAR,740,COUNTRY,PUBLISHED,"Unsafe water, sanitation and hygiene services deaths",Suriname,TOTAL,7.1
ED50112SDGWSHBOD,SDGWSHBOD,ED50112,SDGWSHBOD,2019,YEAR,748,COUNTRY,PUBLISHED,"Unsafe water, sanitation and hygiene services deaths",Eswatini,TOTAL,46.5
ED50112SDGWSHBOD,SDGWSHBOD,ED50112,SDGWSHBOD,2019,YEAR,752,COUNTRY,PUBLISHED,"Unsafe water, sanitation and hygiene services deaths",Sweden,TOTAL,3
ED50112SDGWSHBOD,SDGWSHBOD,ED50112,SDGWSHBOD,2019,YEAR,756,COUNTRY,PUBLISHED,"Unsafe water, sanitation and hygiene services deaths",Switzerland,TOTAL,2.5
ED50112SDGWSHBOD,SDGWSHBOD,ED50112,SDGWSHBOD,2019,YEAR,760,COUNTRY,PUBLISHED,"Unsafe water, sanitation and hygiene services deaths",Syrian Arab Republic,TOTAL,9.1
ED50112SDGWSHBOD,SDGWSHBOD,ED50112,SDGWSHBOD,2019,YEAR,762,COUNTRY,PUBLISHED,"Unsafe water, sanitation and hygiene services deaths",Tajikistan,TOTAL,9
ED50112SDGWSHBOD,SDGWSHBOD,ED50112,SDGWSHBOD,2019,YEAR,764,COUNTRY,PUBLISHED,"Unsafe water, sanitation and hygiene services deaths",Thailand,TOTAL,11.8
ED50112SDGWSHBOD,SDGWSHBOD,ED50112,SDGWSHBOD,2019,YEAR,768,COUNTRY,PUBLISHED,"Unsafe water, sanitation and hygiene services deaths",Togo,TOTAL,42.4
ED50112SDGWSHBOD,SDGWSHBOD,ED50112,SDGWSHBOD,2019,YEAR,780,COUNTRY,PUBLISHED,"Unsafe water, sanitation and hygiene services deaths",Trinidad and Tobago,TOTAL,1.6
ED50112SDGWSHBOD,SDGWSHBOD,ED50112,SDGWSHBOD,2019,YEAR,784,COUNTRY,PUBLISHED,"Unsafe water, sanitation and hygiene services deaths",United Arab Emirates,TOTAL,0.8
ED50112SDGWSHBOD,SDGWSHBOD,ED50112,SDGWSHBOD,2019,YEAR,788,COUNTRY,PUBLISHED,"Unsafe water, sanitation and hygiene services deaths",Tunisia,TOTAL,3.1
ED50112SDGWSHBOD,SDGWSHBOD,ED50112,SDGWSHBOD,2019,YEAR,792,COUNTRY,PUBLISHED,"Unsafe water, sanitation and hygiene services deaths",Türkiye,TOTAL,2.5
ED50112SDGWSHBOD,SDGWSHBOD,ED50112,SDGWSHBOD,2019,YEAR,795,COUNTRY,PUBLISHED,"Unsafe water, sanitation and hygiene services deaths",Turkmenistan,TOTAL,5.7
ED50112SDGWSHBOD,SDGWSHBOD,ED50112,SDGWSHBOD,2019,YEAR,800,COUNTRY,PUBLISHED,"Unsafe water, sanitation and hygiene services deaths",Uganda,TOTAL,28.1
ED50112SDGWSHBOD,SDGWSHBOD,ED50112,SDGWSHBOD,2019,YEAR,804,COUNTRY,PUBLISHED,"Unsafe water, sanitation and hygiene services deaths",Ukraine,TOTAL,2.3
ED50112SDGWSHBOD,SDGWSHBOD,ED50112,SDGWSHBOD,2019,YEAR,818,COUNTRY,PUBLISHED,"Unsafe water, sanitation and hygiene services deaths",Egypt,TOTAL,4.8
ED50112SDGWSHBOD,SDGWSHBOD,ED50112,SDGWSHBOD,2019,YEAR,826,COUNTRY,PUBLISHED,"Unsafe water, sanitation and hygiene services deaths",United Kingdom of Great Britain and Northern Ireland,TOTAL,6.1
ED50112SDGWSHBOD,SDGWSHBOD,ED50112,SDGWSHBOD,2019,YEAR,834,COUNTRY,PUBLISHED,"Unsafe water, sanitation and hygiene services deaths",United Republic of Tanzania,TOTAL,30.2
ED50112SDGWSHBOD,SDGWSHBOD,ED50112,SDGWSHBOD,2019,YEAR,840,COUNTRY,PUBLISHED,"Unsafe water, sanitation and hygiene services deaths",United States of America,TOTAL,2.3
ED50112SDGWSHBOD,SDGWSHBOD,ED50112,SDGWSHBOD,2019,YEAR,854,COUNTRY,PUBLISHED,"Unsafe water, sanitation and hygiene services deaths",Burkina Faso,TOTAL,60.9
ED50112SDGWSHBOD,SDGWSHBOD,ED50112,SDGWSHBOD,2019,YEAR,858,COUNTRY,PUBLISHED,"Unsafe water, sanitation and hygiene services deaths",Uruguay,TOTAL,4.4
ED50112SDGWSHBOD,SDGWSHBOD,ED50112,SDGWSHBOD,2019,YEAR,860,COUNTRY,PUBLISHED,"Unsafe water, sanitation and hygiene services deaths",Uzbekistan,TOTAL,2.9
ED50112SDGWSHBOD,SDGWSHBOD,ED50112,SDGWSHBOD,2019,YEAR,862,COUNTRY,PUBLISHED,"Unsafe water, sanitation and hygiene services deaths",Venezuela (Bolivarian Republic of),TOTAL,5.2
ED50112SDGWSHBOD,SDGWSHBOD,ED50112,SDGWSHBOD,2019,YEAR,882,COUNTRY,PUBLISHED,"Unsafe water, sanitation and hygiene services deaths",Samoa,TOTAL,8.2
ED50112SDGWSHBOD,SDGWSHBOD,ED50112,SDGWSHBOD,2019,YEAR,887,COUNTRY,PUBLISHED,"Unsafe water, sanitation and hygiene services deaths",Yemen,TOTAL,15.6
ED50112SDGWSHBOD,SDGWSHBOD,ED50112,SDGWSHBOD,2019,YEAR,894,COUNTRY,PUBLISHED,"Unsafe water, sanitation and hygiene services deaths",Zambia,TOTAL,35.8
ED50112SDGWSHBOD,SDGWSHBOD,ED50112,SDGWSHBOD,2019,YEAR,953,WHOREGION,PUBLISHED,"Unsafe water, sanitation and hygiene services deaths",Africa,TOTAL,46.68216
ED50112SDGWSHBOD,SDGWSHBOD,ED50112,SDGWSHBOD,2019,YEAR,583,COUNTRY,PUBLISHED,"Unsafe water, sanitation and hygiene services deaths",Micronesia (Federated States of),TOTAL,14
ED50112SDGWSHBOD,SDGWSHBOD,ED50112,SDGWSHBOD,2019,YEAR,586,COUNTRY,PUBLISHED,"Unsafe water, sanitation and hygiene services deaths",Pakistan,TOTAL,38.8
ED50112SDGWSHBOD,SDGWSHBOD,ED50112,SDGWSHBOD,2019,YEAR,591,COUNTRY,PUBLISHED,"Unsafe water, sanitation and hygiene services deaths",Panama,TOTAL,4.2
ED50112SDGWSHBOD,SDGWSHBOD,ED50112,SDGWSHBOD,2019,YEAR,598,COUNTRY,PUBLISHED,"Unsafe water, sanitation and hygiene services deaths",Papua New Guinea,TOTAL,24.9
ED50112SDGWSHBOD,SDGWSHBOD,ED50112,SDGWSHBOD,2019,YEAR,600,COUNTRY,PUBLISHED,"Unsafe water, sanitation and hygiene services deaths",Paraguay,TOTAL,4.6
ED50112SDGWSHBOD,SDGWSHBOD,ED50112,SDGWSHBOD,2019,YEAR,604,COUNTRY,PUBLISHED,"Unsafe water, sanitation and hygiene services deaths",Peru,TOTAL,7.6
ED50112SDGWSHBOD,SDGWSHBOD,ED50112,SDGWSHBOD,2019,YEAR,608,COUNTRY,PUBLISHED,"Unsafe water, sanitation and hygiene services deaths",Philippines,TOTAL,16.9
ED50112SDGWSHBOD,SDGWSHBOD,ED50112,SDGWSHBOD,2019,YEAR,616,COUNTRY,PUBLISHED,"Unsafe water, sanitation and hygiene services deaths",Poland,TOTAL,5.4
ED50112SDGWSHBOD,SDGWSHBOD,ED50112,SDGWSHBOD,2019,YEAR,620,COUNTRY,PUBLISHED,"Unsafe water, sanitation and hygiene services deaths",Portugal,TOTAL,6.8
ED50112SDGWSHBOD,SDGWSHBOD,ED50112,SDGWSHBOD,2019,YEAR,624,COUNTRY,PUBLISHED,"Unsafe water, sanitation and hygiene services deaths",Guinea-Bissau,TOTAL,49.4
ED50112SDGWSHBOD,SDGWSHBOD,ED50112,SDGWSHBOD,2019,YEAR,626,COUNTRY,PUBLISHED,"Unsafe water, sanitation and hygiene services deaths",Timor-Leste,TOTAL,20.4
ED50112SDGWSHBOD,SDGWSHBOD,ED50112,SDGWSHBOD,2019,YEAR,634,COUNTRY,PUBLISHED,"Unsafe water, sanitation and hygiene services deaths",Qatar,TOTAL,0.4
ED50112SDGWSHBOD,SDGWSHBOD,ED50112,SDGWSHBOD,2019,YEAR,642,COUNTRY,PUBLISHED,"Unsafe water, sanitation and hygiene services deaths",Romania,TOTAL,7.2
ED50112SDGWSHBOD,SDGWSHBOD,ED50112,SDGWSHBOD,2019,YEAR,643,COUNTRY,PUBLISHED,"Unsafe water, sanitation and hygiene services deaths",Russian Federation,TOTAL,3.2
ED50112SDGWSHBOD,SDGWSHBOD,ED50112,SDGWSHBOD,2019,YEAR,646,COUNTRY,PUBLISHED,"Unsafe water, sanitation and hygiene services deaths",Rwanda,TOTAL,25
ED50112SDGWSHBOD,SDGWSHBOD,ED50112,SDGWSHBOD,2019,YEAR,662,COUNTRY,PUBLISHED,"Unsafe water, sanitation and hygiene services deaths",Saint Lucia,TOTAL,5.8
ED50112SDGWSHBOD,SDGWSHBOD,ED50112,SDGWSHBOD,2019,YEAR,670,COUNTRY,PUBLISHED,"Unsafe water, sanitation and hygiene services deaths",Saint Vincent and the Grenadines,TOTAL,5.3
ED50112SDGWSHBOD,SDGWSHBOD,ED50112,SDGWSHBOD,2019,YEAR,678,COUNTRY,PUBLISHED,"Unsafe water, sanitation and hygiene services deaths",Sao Tome and Principe,TOTAL,16.7
ED50112SDGWSHBOD,SDGWSHBOD,ED50112,SDGWSHBOD,2019,YEAR,686,COUNTRY,PUBLISHED,"Unsafe water, sanitation and hygiene services deaths",Senegal,TOTAL,31.7
ED50112SDGWSHBOD,SDGWSHBOD,ED50112,SDGWSHBOD,2019,YEAR,688,COUNTRY,PUBLISHED,"Unsafe water, sanitation and hygiene services deaths",Serbia,TOTAL,3.9
ED50112SDGWSHBOD,SDGWSHBOD,ED50112,SDGWSHBOD,2019,YEAR,690,COUNTRY,PUBLISHED,"Unsafe water, sanitation and hygiene services deaths",Seychelles,TOTAL,8.4
ED50112SDGWSHBOD,SDGWSHBOD,ED50112,SDGWSHBOD,2019,YEAR,694,COUNTRY,PUBLISHED,"Unsafe water, sanitation and hygiene services deaths",Sierra Leone,TOTAL,69.5
ED50112SDGWSHBOD,SDGWSHBOD,ED50112,SDGWSHBOD,2019,YEAR,702,COUNTRY,PUBLISHED,"Unsafe water, sanitation and hygiene services deaths",Singapore,TOTAL,8.5
ED50112SDGWSHBOD,SDGWSHBOD,ED50112,SDGWSHBOD,2019,YEAR,703,COUNTRY,PUBLISHED,"Unsafe water, sanitation and hygiene services deaths",Slovakia,TOTAL,3.6
ED50112SDGWSHBOD,SDGWSHBOD,ED50112,SDGWSHBOD,2019,YEAR,704,COUNTRY,PUBLISHED,"Unsafe water, sanitation and hygiene services deaths",Viet Nam,TOTAL,6.9
ED50112SDGWSHBOD,SDGWSHBOD,ED50112,SDGWSHBOD,2019,YEAR,705,COUNTRY,PUBLISHED,"Unsafe water, sanitation and hygiene services deaths",Slovenia,TOTAL,1.9
ED50112SDGWSHBOD,SDGWSHBOD,ED50112,SDGWSHBOD,2019,YEAR,706,COUNTRY,PUBLISHED,"Unsafe water, sanitation and hygiene services deaths",Somalia,TOTAL,99.2
ED50112SDGWSHBOD,SDGWSHBOD,ED50112,SDGWSHBOD,2019,YEAR,710,COUNTRY,PUBLISHED,"Unsafe water, sanitation and hygiene services deaths",South Africa,TOTAL,27.6
ED50112SDGWSHBOD,SDGWSHBOD,ED50112,SDGWSHBOD,2019,YEAR,716,COUNTRY,PUBLISHED,"Unsafe water, sanitation and hygiene services deaths",Zimbabwe,TOTAL,36.2
ED50112SDGWSHBOD,SDGWSHBOD,ED50112,SDGWSHBOD,2019,YEAR,422,COUNTRY,PUBLISHED,"Unsafe water, sanitation and hygiene services deaths",Lebanon,TOTAL,2.4
ED50112SDGWSHBOD,SDGWSHBOD,ED50112,SDGWSHBOD,2019,YEAR,426,COUNTRY,PUBLISHED,"Unsafe water, sanitation and hygiene services deaths",Lesotho,TOTAL,108.1
ED50112SDGWSHBOD,SDGWSHBOD,ED50112,SDGWSHBOD,2019,YEAR,428,COUNTRY,PUBLISHED,"Unsafe water, sanitation and hygiene services deaths",Latvia,TOTAL,2.6
ED50112SDGWSHBOD,SDGWSHBOD,ED50112,SDGWSHBOD,2019,YEAR,430,COUNTRY,PUBLISHED,"Unsafe water, sanitation and hygiene services deaths",Liberia,TOTAL,34.6
ED50112SDGWSHBOD,SDGWSHBOD,ED50112,SDGWSHBOD,2019,YEAR,440,COUNTRY,PUBLISHED,"Unsafe water, sanitation and hygiene services deaths",Lithuania,TOTAL,2.6
ED50112SDGWSHBOD,SDGWSHBOD,ED50112,SDGWSHBOD,2019,YEAR,442,COUNTRY,PUBLISHED,"Unsafe water, sanitation and hygiene services deaths",Luxembourg,TOTAL,1.9
ED50112SDGWSHBOD,SDGWSHBOD,ED50112,SDGWSHBOD,2019,YEAR,450,COUNTRY,PUBLISHED,"Unsafe water, sanitation and hygiene services deaths",Madagascar,TOTAL,40.1
ED50112SDGWSHBOD,SDGWSHBOD,ED50112,SDGWSHBOD,2019,YEAR,454,COUNTRY,PUBLISHED,"Unsafe water, sanitation and hygiene services deaths",Malawi,TOTAL,30.8
ED50112SDGWSHBOD,SDGWSHBOD,ED50112,SDGWSHBOD,2019,YEAR,458,COUNTRY,PUBLISHED,"Unsafe water, sanitation and hygiene services deaths",Malaysia,TOTAL,14.4
ED50112SDGWSHBOD,SDGWSHBOD,ED50112,SDGWSHBOD,2019,YEAR,462,COUNTRY,PUBLISHED,"Unsafe water, sanitation and hygiene services deaths",Maldives,TOTAL,2.3
ED50112SDGWSHBOD,SDGWSHBOD,ED50112,SDGWSHBOD,2019,YEAR,466,COUNTRY,PUBLISHED,"Unsafe water, sanitation and hygiene services deaths",Mali,TOTAL,66.1
ED50112SDGWSHBOD,SDGWSHBOD,ED50112,SDGWSHBOD,2019,YEAR,470,COUNTRY,PUBLISHED,"Unsafe water, sanitation and hygiene services deaths",Malta,TOTAL,4.6
ED50112SDGWSHBOD,SDGWSHBOD,ED50112,SDGWSHBOD,2019,YEAR,478,COUNTRY,PUBLISHED,"Unsafe water, sanitation and hygiene services deaths",Mauritania,TOTAL,37.8
ED50112SDGWSHBOD,SDGWSHBOD,ED50112,SDGWSHBOD,2019,YEAR,480,COUNTRY,PUBLISHED,"Unsafe water, sanitation and hygiene services deaths",Mauritius,TOTAL,5.5
ED50112SDGWSHBOD,SDGWSHBOD,ED50112,SDGWSHBOD,2019,YEAR,484,COUNTRY,PUBLISHED,"Unsafe water, sanitation and hygiene services deaths",Mexico,TOTAL,3.5
ED50112SDGWSHBOD,SDGWSHBOD,ED50112,SDGWSHBOD,2019,YEAR,496,COUNTRY,PUBLISHED,"Unsafe water, sanitation and hygiene services deaths",Mongolia,TOTAL,3.2
ED50112SDGWSHBOD,SDGWSHBOD,ED50112,SDGWSHBOD,2019,YEAR,498,COUNTRY,PUBLISHED,"Unsafe water, sanitation and hygiene services deaths",Republic of Moldova,TOTAL,3.6
ED50112SDGWSHBOD,SDGWSHBOD,ED50112,SDGWSHBOD,2019,YEAR,499,COUNTRY,PUBLISHED,"Unsafe water, sanitation and hygiene services deaths",Montenegro,TOTAL,1.8
ED50112SDGWSHBOD,SDGWSHBOD,ED50112,SDGWSHBOD,2019,YEAR,508,COUNTRY,PUBLISHED,"Unsafe water, sanitation and hygiene services deaths",Mozambique,TOTAL,45.6
ED50112SDGWSHBOD,SDGWSHBOD,ED50112,SDGWSHBOD,2019,YEAR,512,COUNTRY,PUBLISHED,"Unsafe water, sanitation and hygiene services deaths",Oman,TOTAL,1.6
ED50112SDGWSHBOD,SDGWSHBOD,ED50112,SDGWSHBOD,2019,YEAR,516,COUNTRY,PUBLISHED,"Unsafe water, sanitation and hygiene services deaths",Namibia,TOTAL,28.8
ED50112SDGWSHBOD,SDGWSHBOD,ED50112,SDGWSHBOD,2019,YEAR,524,COUNTRY,PUBLISHED,"Unsafe water, sanitation and hygiene services deaths",Nepal,TOTAL,17.8
ED50112SDGWSHBOD,SDGWSHBOD,ED50112,SDGWSHBOD,2019,YEAR,528,COUNTRY,PUBLISHED,"Unsafe water, sanitation and hygiene services deaths",Netherlands (Kingdom of the),TOTAL,3.4
ED50112SDGWSHBOD,SDGWSHBOD,ED50112,SDGWSHBOD,2019,YEAR,548,COUNTRY,PUBLISHED,"Unsafe water, sanitation and hygiene services deaths",Vanuatu,TOTAL,25
ED50112SDGWSHBOD,SDGWSHBOD,ED50112,SDGWSHBOD,2019,YEAR,554,COUNTRY,PUBLISHED,"Unsafe water, sanitation and hygiene services deaths",New Zealand,TOTAL,2.1
ED50112SDGWSHBOD,SDGWSHBOD,ED50112,SDGWSHBOD,2019,YEAR,558,COUNTRY,PUBLISHED,"Unsafe water, sanitation and hygiene services deaths",Nicaragua,TOTAL,3.5
ED50112SDGWSHBOD,SDGWSHBOD,ED50112,SDGWSHBOD,2019,YEAR,562,COUNTRY,PUBLISHED,"Unsafe water, sanitation and hygiene services deaths",Niger,TOTAL,70.3
ED50112SDGWSHBOD,SDGWSHBOD,ED50112,SDGWSHBOD,2019,YEAR,566,COUNTRY,PUBLISHED,"Unsafe water, sanitation and hygiene services deaths",Nigeria,TOTAL,71.7
ED50112SDGWSHBOD,SDGWSHBOD,ED50112,SDGWSHBOD,2019,YEAR,578,COUNTRY,PUBLISHED,"Unsafe water, sanitation and hygiene services deaths",Norway,TOTAL,3.6
ED50112SDGWSHBOD,SDGWSHBOD,ED50112,SDGWSHBOD,2019,YEAR,268,COUNTRY,PUBLISHED,"Unsafe water, sanitation and hygiene services deaths",Georgia,TOTAL,3.3
ED50112SDGWSHBOD,SDGWSHBOD,ED50112,SDGWSHBOD,2019,YEAR,270,COUNTRY,PUBLISHED,"Unsafe water, sanitation and hygiene services deaths",Gambia,TOTAL,29.5
ED50112SDGWSHBOD,SDGWSHBOD,ED50112,SDGWSHBOD,2019,YEAR,276,COUNTRY,PUBLISHED,"Unsafe water, sanitation and hygiene services deaths",Germany,TOTAL,3.2
ED50112SDGWSHBOD,SDGWSHBOD,ED50112,SDGWSHBOD,2019,YEAR,288,COUNTRY,PUBLISHED,"Unsafe water, sanitation and hygiene services deaths",Ghana,TOTAL,25.2
ED50112SDGWSHBOD,SDGWSHBOD,ED50112,SDGWSHBOD,2019,YEAR,296,COUNTRY,PUBLISHED,"Unsafe water, sanitation and hygiene services deaths",Kiribati,TOTAL,37.4
ED50112SDGWSHBOD,SDGWSHBOD,ED50112,SDGWSHBOD,2019,YEAR,300,COUNTRY,PUBLISHED,"Unsafe water, sanitation and hygiene services deaths",Greece,TOTAL,7.6
ED50112SDGWSHBOD,SDGWSHBOD,ED50112,SDGWSHBOD,2019,YEAR,308,COUNTRY,PUBLISHED,"Unsafe water, sanitation and hygiene services deaths",Grenada,TOTAL,6.7
ED50112SDGWSHBOD,SDGWSHBOD,ED50112,SDGWSHBOD,2019,YEAR,320,COUNTRY,PUBLISHED,"Unsafe water, sanitation and hygiene services deaths",Guatemala,TOTAL,15.3
ED50112SDGWSHBOD,SDGWSHBOD,ED50112,SDGWSHBOD,2019,YEAR,324,COUNTRY,PUBLISHED,"Unsafe water, sanitation and hygiene services deaths",Guinea,TOTAL,57.8
ED50112SDGWSHBOD,SDGWSHBOD,ED50112,SDGWSHBOD,2019,YEAR,328,COUNTRY,PUBLISHED,"Unsafe water, sanitation and hygiene services deaths",Guyana,TOTAL,8.6
ED50112SDGWSHBOD,SDGWSHBOD,ED50112,SDGWSHBOD,2019,YEAR,332,COUNTRY,PUBLISHED,"Unsafe water, sanitation and hygiene services deaths",Haiti,TOTAL,25.9
ED50112SDGWSHBOD,SDGWSHBOD,ED50112,SDGWSHBOD,2019,YEAR,340,COUNTRY,PUBLISHED,"Unsafe water, sanitation and hygiene services deaths",Honduras,TOTAL,7.1
ED50112SDGWSHBOD,SDGWSHBOD,ED50112,SDGWSHBOD,2019,YEAR,348,COUNTRY,PUBLISHED,"Unsafe water, sanitation and hygiene services deaths",Hungary,TOTAL,2
ED50112SDGWSHBOD,SDGWSHBOD,ED50112,SDGWSHBOD,2019,YEAR,356,COUNTRY,PUBLISHED,"Unsafe water, sanitation and hygiene services deaths",India,TOTAL,36.4
ED50112SDGWSHBOD,SDGWSHBOD,ED50112,SDGWSHBOD,2019,YEAR,360,COUNTRY,PUBLISHED,"Unsafe water, sanitation and hygiene services deaths",Indonesia,TOTAL,15.8
ED50112SDGWSHBOD,SDGWSHBOD,ED50112,SDGWSHBOD,2019,YEAR,364,COUNTRY,PUBLISHED,"Unsafe water, sanitation and hygiene services deaths",Iran (Islamic Republic of),TOTAL,2.9
ED50112SDGWSHBOD,SDGWSHBOD,ED50112,SDGWSHBOD,2019,YEAR,368,COUNTRY,PUBLISHED,"Unsafe water, sanitation and hygiene services deaths",Iraq,TOTAL,4.4
ED50112SDGWSHBOD,SDGWSHBOD,ED50112,SDGWSHBOD,2019,YEAR,372,COUNTRY,PUBLISHED,"Unsafe water, sanitation and hygiene services deaths",Ireland,TOTAL,2.7
ED50112SDGWSHBOD,SDGWSHBOD,ED50112,SDGWSHBOD,2019,YEAR,376,COUNTRY,PUBLISHED,"Unsafe water, sanitation and hygiene services deaths",Israel,TOTAL,2
ED50112SDGWSHBOD,SDGWSHBOD,ED50112,SDGWSHBOD,2019,YEAR,380,COUNTRY,PUBLISHED,"Unsafe water, sanitation and hygiene services deaths",Italy,TOTAL,3
ED50112SDGWSHBOD,SDGWSHBOD,ED50112,SDGWSHBOD,2019,YEAR,384,COUNTRY,PUBLISHED,"Unsafe water, sanitation and hygiene services deaths",Côte d'Ivoire,TOTAL,47
ED50112SDGWSHBOD,SDGWSHBOD,ED50112,SDGWSHBOD,2019,YEAR,388,COUNTRY,PUBLISHED,"Unsafe water, sanitation and hygiene services deaths",Jamaica,TOTAL,2.3
ED50112SDGWSHBOD,SDGWSHBOD,ED50112,SDGWSHBOD,2019,YEAR,392,COUNTRY,PUBLISHED,"Unsafe water, sanitation and hygiene services deaths",Japan,TOTAL,8.4
ED50112SDGWSHBOD,SDGWSHBOD,ED50112,SDGWSHBOD,2019,YEAR,398,COUNTRY,PUBLISHED,"Unsafe water, sanitation and hygiene services deaths",Kazakhstan,TOTAL,3.2
ED50112SDGWSHBOD,SDGWSHBOD,ED50112,SDGWSHBOD,2019,YEAR,404,COUNTRY,PUBLISHED,"Unsafe water, sanitation and hygiene services deaths",Kenya,TOTAL,29
ED50112SDGWSHBOD,SDGWSHBOD,ED50112,SDGWSHBOD,2019,YEAR,408,COUNTRY,PUBLISHED,"Unsafe water, sanitation and hygiene services deaths",Democratic People's Republic of Korea,TOTAL,4.1
ED50112SDGWSHBOD,SDGWSHBOD,ED50112,SDGWSHBOD,2019,YEAR,414,COUNTRY,PUBLISHED,"Unsafe water, sanitation and hygiene services deaths",Kuwait,TOTAL,0.8
ED50112SDGWSHBOD,SDGWSHBOD,ED50112,SDGWSHBOD,2019,YEAR,417,COUNTRY,PUBLISHED,"Unsafe water, sanitation and hygiene services deaths",Kyrgyzstan,TOTAL,2.3
ED50112SDGWSHBOD,SDGWSHBOD,ED50112,SDGWSHBOD,2019,YEAR,418,COUNTRY,PUBLISHED,"Unsafe water, sanitation and hygiene services deaths",Lao People's Democratic Republic,TOTAL,20.5
ED50112SDGWSHBOD,SDGWSHBOD,ED50112,SDGWSHBOD,2019,YEAR,120,COUNTRY,PUBLISHED,"Unsafe water, sanitation and hygiene services deaths",Cameroon,TOTAL,47.3
ED50112SDGWSHBOD,SDGWSHBOD,ED50112,SDGWSHBOD,2019,YEAR,124,COUNTRY,PUBLISHED,"Unsafe water, sanitation and hygiene services deaths",Canada,TOTAL,2.3
ED50112SDGWSHBOD,SDGWSHBOD,ED50112,SDGWSHBOD,2019,YEAR,132,COUNTRY,PUBLISHED,"Unsafe water, sanitation and hygiene services deaths",Cabo Verde,TOTAL,12.1
ED50112SDGWSHBOD,SDGWSHBOD,ED50112,SDGWSHBOD,2019,YEAR,140,COUNTRY,PUBLISHED,"Unsafe water, sanitation and hygiene services deaths",Central African Republic,TOTAL,97
ED50112SDGWSHBOD,SDGWSHBOD,ED50112,SDGWSHBOD,2019,YEAR,144,COUNTRY,PUBLISHED,"Unsafe water, sanitation and hygiene services deaths",Sri Lanka,TOTAL,4.8
ED50112SDGWSHBOD,SDGWSHBOD,ED50112,SDGWSHBOD,2019,YEAR,148,COUNTRY,PUBLISHED,"Unsafe water, sanitation and hygiene services deaths",Chad,TOTAL,99.2
ED50112SDGWSHBOD,SDGWSHBOD,ED50112,SDGWSHBOD,2019,YEAR,152,COUNTRY,PUBLISHED,"Unsafe water, sanitation and hygiene services deaths",Chile,TOTAL,2.3
ED50112SDGWSHBOD,SDGWSHBOD,ED50112,SDGWSHBOD,2019,YEAR,156,COUNTRY,PUBLISHED,"Unsafe water, sanitation and hygiene services deaths",China,TOTAL,2.2
ED50112SDGWSHBOD,SDGWSHBOD,ED50112,SDGWSHBOD,2019,YEAR,174,COUNTRY,PUBLISHED,"Unsafe water, sanitation and hygiene services deaths",Comoros,TOTAL,43.8
ED50112SDGWSHBOD,SDGWSHBOD,ED50112,SDGWSHBOD,2019,YEAR,178,COUNTRY,PUBLISHED,"Unsafe water, sanitation and hygiene services deaths",Congo,TOTAL,26.4
ED50112SDGWSHBOD,SDGWSHBOD,ED50112,SDGWSHBOD,2019,YEAR,180,COUNTRY,PUBLISHED,"Unsafe water, sanitation and hygiene services deaths",Democratic Republic of the Congo,TOTAL,52.3
ED50112SDGWSHBOD,SDGWSHBOD,ED50112,SDGWSHBOD,2019,YEAR,188,COUNTRY,PUBLISHED,"Unsafe water, sanitation and hygiene services deaths",Costa Rica,TOTAL,2.9
ED50112SDGWSHBOD,SDGWSHBOD,ED50112,SDGWSHBOD,2019,YEAR,191,COUNTRY,PUBLISHED,"Unsafe water, sanitation and hygiene services deaths",Croatia,TOTAL,2.7
ED50112SDGWSHBOD,SDGWSHBOD,ED50112,SDGWSHBOD,2019,YEAR,192,COUNTRY,PUBLISHED,"Unsafe water, sanitation and hygiene services deaths",Cuba,TOTAL,9.7
ED50112SDGWSHBOD,SDGWSHBOD,ED50112,SDGWSHBOD,2019,YEAR,196,COUNTRY,PUBLISHED,"Unsafe water, sanitation and hygiene services deaths",Cyprus,TOTAL,1.6
ED50112SDGWSHBOD,SDGWSHBOD,ED50112,SDGWSHBOD,2019,YEAR,203,COUNTRY,PUBLISHED,"Unsafe water, sanitation and hygiene services deaths",Czechia,TOTAL,4.1
ED50112SDGWSHBOD,SDGWSHBOD,ED50112,SDGWSHBOD,2019,YEAR,204,COUNTRY,PUBLISHED,"Unsafe water, sanitation and hygiene services deaths",Benin,TOTAL,60.2
ED50112SDGWSHBOD,SDGWSHBOD,ED50112,SDGWSHBOD,2019,YEAR,214,COUNTRY,PUBLISHED,"Unsafe water, sanitation and hygiene services deaths",Dominican Republic,TOTAL,5.8
ED50112SDGWSHBOD,SDGWSHBOD,ED50112,SDGWSHBOD,2019,YEAR,218,COUNTRY,PUBLISHED,"Unsafe water, sanitation and hygiene services deaths",Ecuador,TOTAL,4.7
ED50112SDGWSHBOD,SDGWSHBOD,ED50112,SDGWSHBOD,2019,YEAR,222,COUNTRY,PUBLISHED,"Unsafe water, sanitation and hygiene services deaths",El Salvador,TOTAL,6.1
ED50112SDGWSHBOD,SDGWSHBOD,ED50112,SDGWSHBOD,2019,YEAR,226,COUNTRY,PUBLISHED,"Unsafe water, sanitation and hygiene services deaths",Equatorial Guinea,TOTAL,29.7
ED50112SDGWSHBOD,SDGWSHBOD,ED50112,SDGWSHBOD,2019,YEAR,231,COUNTRY,PUBLISHED,"Unsafe water, sanitation and hygiene services deaths",Ethiopia,TOTAL,40.7
ED50112SDGWSHBOD,SDGWSHBOD,ED50112,SDGWSHBOD,2019,YEAR,232,COUNTRY,PUBLISHED,"Unsafe water, sanitation and hygiene services deaths",Eritrea,TOTAL,66.5
ED50112SDGWSHBOD,SDGWSHBOD,ED50112,SDGWSHBOD,2019,YEAR,233,COUNTRY,PUBLISHED,"Unsafe water, sanitation and hygiene services deaths",Estonia,TOTAL,2.6
ED50112SDGWSHBOD,SDGWSHBOD,ED50112,SDGWSHBOD,2019,YEAR,242,COUNTRY,PUBLISHED,"Unsafe water, sanitation and hygiene services deaths",Fiji,TOTAL,10.8
ED50112SDGWSHBOD,SDGWSHBOD,ED50112,SDGWSHBOD,2019,YEAR,246,COUNTRY,PUBLISHED,"Unsafe water, sanitation and hygiene services deaths",Finland,TOTAL,0.8
ED50112SDGWSHBOD,SDGWSHBOD,ED50112,SDGWSHBOD,2019,YEAR,250,COUNTRY,PUBLISHED,"Unsafe water, sanitation and hygiene services deaths",France,TOTAL,3.4
ED50112SDGWSHBOD,SDGWSHBOD,ED50112,SDGWSHBOD,2019,YEAR,262,COUNTRY,PUBLISHED,"Unsafe water, sanitation and hygiene services deaths",Djibouti,TOTAL,37.6
ED50112SDGWSHBOD,SDGWSHBOD,ED50112,SDGWSHBOD,2019,YEAR,266,COUNTRY,PUBLISHED,"Unsafe water, sanitation and hygiene services deaths",Gabon,TOTAL,17.5
